{
  "type": "FeatureCollection",
  "generator": "overpass-turbo",
  "copyright": "The data included in this document is from www.openstreetmap.org. The data is made available under ODbL.",
  "timestamp": "2026-03-27T23:47:51Z",
  "features": [
    {
      "type": "Feature",
      "properties": {
        "@id": "relation/17877339",
        "landuse": "military",
        "name": "국방과학연구소 다락대 시험장",
        "type": "multipolygon"
      },
      "geometry": {
        "type": "Polygon",
        "coordinates": [
          [
            [
              127.1427867,
              38.0349986
            ],
            [
              127.1434084,
              38.0353877
            ],
            [
              127.1433064,
              38.0358705
            ],
            [
              127.1434022,
              38.0360135
            ],
            [
              127.1436121,
              38.0360059
            ],
            [
              127.1440956,
              38.0360907
            ],
            [
              127.1441834,
              38.0363929
            ],
            [
              127.1437058,
              38.0368452
            ],
            [
              127.1433268,
              38.0373777
            ],
            [
              127.1429637,
              38.0374906
            ],
            [
              127.1429772,
              38.0376592
            ],
            [
              127.1431916,
              38.0378596
            ],
            [
              127.143223,
              38.0380985
            ],
            [
              127.1431938,
              38.0383996
            ],
            [
              127.1429879,
              38.0397748
            ],
            [
              127.1429198,
              38.0401526
            ],
            [
              127.1426506,
              38.0407051
            ],
            [
              127.1428162,
              38.0407282
            ],
            [
              127.142833,
              38.0410804
            ],
            [
              127.1429058,
              38.0418152
            ],
            [
              127.1429212,
              38.0424622
            ],
            [
              127.1427485,
              38.0428299
            ],
            [
              127.1419411,
              38.0427534
            ],
            [
              127.1416085,
              38.0426879
            ],
            [
              127.1414276,
              38.0426301
            ],
            [
              127.1411289,
              38.0425515
            ],
            [
              127.1407042,
              38.0423843
            ],
            [
              127.1404564,
              38.0421948
            ],
            [
              127.1403856,
              38.041955
            ],
            [
              127.140329,
              38.041576
            ],
            [
              127.1402865,
              38.0413586
            ],
            [
              127.1403361,
              38.0412303
            ],
            [
              127.140329,
              38.0410129
            ],
            [
              127.1403148,
              38.0407063
            ],
            [
              127.1403219,
              38.0405279
            ],
            [
              127.1401945,
              38.0403161
            ],
            [
              127.1399751,
              38.0401265
            ],
            [
              127.1397698,
              38.039976
            ],
            [
              127.139423,
              38.0395635
            ],
            [
              127.1390266,
              38.0390171
            ],
            [
              127.1388779,
              38.0388164
            ],
            [
              127.138701,
              38.0386436
            ],
            [
              127.1384886,
              38.0385433
            ],
            [
              127.1384037,
              38.0384485
            ],
            [
              127.1381701,
              38.0382645
            ],
            [
              127.1380922,
              38.0379802
            ],
            [
              127.1378303,
              38.0377739
            ],
            [
              127.1380993,
              38.0374562
            ],
            [
              127.1383258,
              38.037406
            ],
            [
              127.1384745,
              38.0371886
            ],
            [
              127.1386868,
              38.0369767
            ],
            [
              127.1387293,
              38.0368206
            ],
            [
              127.1386514,
              38.0367035
            ],
            [
              127.1385594,
              38.0366422
            ],
            [
              127.1383824,
              38.036475
            ],
            [
              127.1384108,
              38.0362798
            ],
            [
              127.138524,
              38.0361126
            ],
            [
              127.1386656,
              38.0357781
            ],
            [
              127.1385665,
              38.0356777
            ],
            [
              127.1384532,
              38.0353544
            ],
            [
              127.1383187,
              38.0350756
            ],
            [
              127.138616,
              38.0346463
            ],
            [
              127.1385098,
              38.0343898
            ],
            [
              127.1385665,
              38.0342951
            ],
            [
              127.1387576,
              38.0342672
            ],
            [
              127.1389275,
              38.0343006
            ],
            [
              127.1392035,
              38.034362
            ],
            [
              127.139784,
              38.03444
            ],
            [
              127.1400459,
              38.0345404
            ],
            [
              127.1401733,
              38.0345125
            ],
            [
              127.1410092,
              38.0345571
            ],
            [
              127.1415613,
              38.0348247
            ],
            [
              127.1416604,
              38.0349474
            ],
            [
              127.1422125,
              38.0351927
            ],
            [
              127.1424178,
              38.0349808
            ],
            [
              127.1427867,
              38.0349986
            ]
          ]
        ]
      },
      "id": "relation/17877339"
    },
    {
      "type": "Feature",
      "properties": {
        "@id": "way/406171121",
        "aeroway": "aerodrome",
        "icao": "RK14",
        "landuse": "military",
        "military": "airfield",
        "name": "G 231 Airport",
        "name:ko": "G 231 이동비행장",
        "source": "ourairports.com"
      },
      "geometry": {
        "type": "Polygon",
        "coordinates": [
          [
            [
              127.3655907,
              38.0242571
            ],
            [
              127.3655746,
              38.0241388
            ],
            [
              127.3657731,
              38.0236739
            ],
            [
              127.3661414,
              38.0235744
            ],
            [
              127.3664311,
              38.0235786
            ],
            [
              127.3668997,
              38.0235429
            ],
            [
              127.3671124,
              38.0233462
            ],
            [
              127.3672966,
              38.0226386
            ],
            [
              127.3675147,
              38.0222644
            ],
            [
              127.3677454,
              38.0220531
            ],
            [
              127.3679833,
              38.0219751
            ],
            [
              127.3680584,
              38.0220258
            ],
            [
              127.3682193,
              38.0235979
            ],
            [
              127.368273,
              38.0240458
            ],
            [
              127.3685304,
              38.0249544
            ],
            [
              127.3683427,
              38.0264883
            ],
            [
              127.3681549,
              38.0270461
            ],
            [
              127.3677526,
              38.0279377
            ],
            [
              127.3676078,
              38.028356
            ],
            [
              127.3673503,
              38.0292941
            ],
            [
              127.3671035,
              38.0297167
            ],
            [
              127.3669426,
              38.0301434
            ],
            [
              127.3667977,
              38.0302279
            ],
            [
              127.3667012,
              38.0301265
            ],
            [
              127.3666904,
              38.0299195
            ],
            [
              127.3665671,
              38.0296998
            ],
            [
              127.3665169,
              38.0286664
            ],
            [
              127.3666564,
              38.0283072
            ],
            [
              127.3668514,
              38.0279673
            ],
            [
              127.3669104,
              38.0277349
            ],
            [
              127.3669192,
              38.0273607
            ],
            [
              127.3664008,
              38.0270757
            ],
            [
              127.3662076,
              38.027156
            ],
            [
              127.365977,
              38.0269743
            ],
            [
              127.3657981,
              38.0265536
            ],
            [
              127.3653118,
              38.0265348
            ],
            [
              127.3652474,
              38.0261672
            ],
            [
              127.3652742,
              38.0257657
            ],
            [
              127.3656068,
              38.0257277
            ],
            [
              127.3659215,
              38.0247788
            ],
            [
              127.3659483,
              38.0245252
            ],
            [
              127.3658785,
              38.0243604
            ],
            [
              127.3655907,
              38.0242571
            ]
          ]
        ]
      },
      "id": "way/406171121"
    },
    {
      "type": "Feature",
      "properties": {
        "@id": "way/406172580",
        "aeroway": "aerodrome",
        "landuse": "military",
        "name": "G 228 Airport",
        "name:ko": "G 228 Airport",
        "source": "ourairports.com"
      },
      "geometry": {
        "type": "Polygon",
        "coordinates": [
          [
            [
              127.1415245,
              38.0319605
            ],
            [
              127.1411383,
              38.0318084
            ],
            [
              127.1406984,
              38.0314957
            ],
            [
              127.1398332,
              38.0311127
            ],
            [
              127.1399508,
              38.0305668
            ],
            [
              127.1400132,
              38.0297275
            ],
            [
              127.1396543,
              38.0297989
            ],
            [
              127.1395356,
              38.0296531
            ],
            [
              127.138912,
              38.0295811
            ],
            [
              127.1389006,
              38.0288946
            ],
            [
              127.1389281,
              38.0284618
            ],
            [
              127.1391105,
              38.0283266
            ],
            [
              127.1399474,
              38.0283858
            ],
            [
              127.1405927,
              38.0279818
            ],
            [
              127.1410524,
              38.0278703
            ],
            [
              127.1411383,
              38.0275491
            ],
            [
              127.1410843,
              38.0274054
            ],
            [
              127.1411509,
              38.0271585
            ],
            [
              127.1413636,
              38.0270758
            ],
            [
              127.1413743,
              38.0268054
            ],
            [
              127.141346,
              38.026587
            ],
            [
              127.1414767,
              38.025973
            ],
            [
              127.1420993,
              38.0259712
            ],
            [
              127.1421039,
              38.0261715
            ],
            [
              127.1418587,
              38.026731
            ],
            [
              127.1417713,
              38.0272702
            ],
            [
              127.1418893,
              38.0275153
            ],
            [
              127.1418464,
              38.0293239
            ],
            [
              127.1417691,
              38.0309941
            ],
            [
              127.1416174,
              38.0309877
            ],
            [
              127.1416747,
              38.0319436
            ],
            [
              127.1415245,
              38.0319605
            ]
          ]
        ]
      },
      "id": "way/406172580"
    },
    {
      "type": "Feature",
      "properties": {
        "@id": "way/475654780",
        "landuse": "military",
        "name": "승진훈련장",
        "name:en": "Nightmare Range",
        "name:ko": "승진훈련장"
      },
      "geometry": {
        "type": "Polygon",
        "coordinates": [
          [
            [
              127.3498699,
              38.0582002
            ],
            [
              127.3475277,
              38.0550795
            ],
            [
              127.3490548,
              38.0540278
            ],
            [
              127.3505096,
              38.0526446
            ],
            [
              127.353106,
              38.0541822
            ],
            [
              127.3536424,
              38.0574769
            ],
            [
              127.363985,
              38.0623934
            ],
            [
              127.3645215,
              38.0674616
            ],
            [
              127.3593287,
              38.0728334
            ],
            [
              127.3606805,
              38.0782218
            ],
            [
              127.3606436,
              38.0874526
            ],
            [
              127.3562602,
              38.0885414
            ],
            [
              127.3506169,
              38.0875787
            ],
            [
              127.3509387,
              38.0813634
            ],
            [
              127.3489003,
              38.0787454
            ],
            [
              127.3489432,
              38.0758908
            ],
            [
              127.3463683,
              38.0715665
            ],
            [
              127.3444156,
              38.0653836
            ],
            [
              127.3498699,
              38.0582002
            ]
          ]
        ]
      },
      "id": "way/475654780"
    },
    {
      "type": "Feature",
      "properties": {
        "@id": "way/475806661",
        "landuse": "military",
        "name": "제18전차대대"
      },
      "geometry": {
        "type": "Polygon",
        "coordinates": [
          [
            [
              127.1907977,
              37.9377105
            ],
            [
              127.1910589,
              37.9385256
            ],
            [
              127.1910697,
              37.9387366
            ],
            [
              127.1911854,
              37.9389907
            ],
            [
              127.1913172,
              37.9393307
            ],
            [
              127.1917822,
              37.9402658
            ],
            [
              127.1920123,
              37.9409071
            ],
            [
              127.191796,
              37.9409824
            ],
            [
              127.1921341,
              37.9422908
            ],
            [
              127.1906983,
              37.9424646
            ],
            [
              127.1905015,
              37.9425095
            ],
            [
              127.1900301,
              37.9426091
            ],
            [
              127.1898423,
              37.9426352
            ],
            [
              127.1896561,
              37.9426686
            ],
            [
              127.189525,
              37.9425159
            ],
            [
              127.1892739,
              37.9421078
            ],
            [
              127.1887372,
              37.9413294
            ],
            [
              127.1884834,
              37.9404981
            ],
            [
              127.1884686,
              37.9402689
            ],
            [
              127.1886489,
              37.9401439
            ],
            [
              127.1885722,
              37.9398865
            ],
            [
              127.1884622,
              37.9382357
            ],
            [
              127.1887682,
              37.9381867
            ],
            [
              127.1889179,
              37.9381399
            ],
            [
              127.1888902,
              37.9379752
            ],
            [
              127.1907977,
              37.9377105
            ]
          ]
        ]
      },
      "id": "way/475806661"
    },
    {
      "type": "Feature",
      "properties": {
        "@id": "way/531292736",
        "barrier": "fence",
        "landuse": "military"
      },
      "geometry": {
        "type": "Polygon",
        "coordinates": [
          [
            [
              127.3445517,
              38.0406768
            ],
            [
              127.3441333,
              38.040305
            ],
            [
              127.343967,
              38.0401402
            ],
            [
              127.3438543,
              38.0394473
            ],
            [
              127.343924,
              38.0389446
            ],
            [
              127.3441601,
              38.0386024
            ],
            [
              127.3445088,
              38.03837
            ],
            [
              127.3450774,
              38.0383996
            ],
            [
              127.3454529,
              38.0385897
            ],
            [
              127.3461503,
              38.0390629
            ],
            [
              127.3464775,
              38.03946
            ],
            [
              127.3468369,
              38.0397811
            ],
            [
              127.346617,
              38.0402036
            ],
            [
              127.3459357,
              38.0410063
            ],
            [
              127.3456085,
              38.0409683
            ],
            [
              127.3445517,
              38.0406768
            ]
          ]
        ]
      },
      "id": "way/531292736"
    },
    {
      "type": "Feature",
      "properties": {
        "@id": "way/531292738",
        "barrier": "wall",
        "landuse": "military",
        "name": "제6보병사단 사령부(예정)",
        "name:ko": "제6보병사단(예정)"
      },
      "geometry": {
        "type": "Polygon",
        "coordinates": [
          [
            [
              127.3377657,
              38.0133663
            ],
            [
              127.3378837,
              38.0130536
            ],
            [
              127.337712,
              38.0126901
            ],
            [
              127.3378837,
              38.0123435
            ],
            [
              127.338227,
              38.0121069
            ],
            [
              127.3388171,
              38.011549
            ],
            [
              127.338388,
              38.0110502
            ],
            [
              127.3381841,
              38.0110249
            ],
            [
              127.3380983,
              38.0105346
            ],
            [
              127.3388278,
              38.0100274
            ],
            [
              127.3386669,
              38.0098583
            ],
            [
              127.3380768,
              38.0096047
            ],
            [
              127.3381626,
              38.0093088
            ],
            [
              127.3385382,
              38.0093596
            ],
            [
              127.3396969,
              38.0101626
            ],
            [
              127.3403621,
              38.0105515
            ],
            [
              127.3419714,
              38.0115659
            ],
            [
              127.3417568,
              38.0121491
            ],
            [
              127.3407912,
              38.0126225
            ],
            [
              127.3406947,
              38.0131973
            ],
            [
              127.3415154,
              38.0138355
            ],
            [
              127.3426017,
              38.0137045
            ],
            [
              127.3428163,
              38.0142645
            ],
            [
              127.3433179,
              38.015078
            ],
            [
              127.3440849,
              38.0149428
            ],
            [
              127.3440099,
              38.0147146
            ],
            [
              127.3444068,
              38.0146555
            ],
            [
              127.3463809,
              38.0195283
            ],
            [
              127.3475289,
              38.0188183
            ],
            [
              127.3485696,
              38.0196043
            ],
            [
              127.348516,
              38.0232978
            ],
            [
              127.3433018,
              38.0258333
            ],
            [
              127.3397827,
              38.0250558
            ],
            [
              127.3395467,
              38.0235007
            ],
            [
              127.33724,
              38.0241092
            ],
            [
              127.3367894,
              38.0228752
            ],
            [
              127.3365211,
              38.0202213
            ],
            [
              127.3376584,
              38.0178378
            ],
            [
              127.3379642,
              38.0166206
            ],
            [
              127.3380715,
              38.0160797
            ],
            [
              127.3377871,
              38.0157078
            ],
            [
              127.3376262,
              38.0151203
            ],
            [
              127.3372722,
              38.0146131
            ],
            [
              127.337476,
              38.0145159
            ],
            [
              127.3377174,
              38.0144483
            ],
            [
              127.3376799,
              38.0139919
            ],
            [
              127.3378944,
              38.0134678
            ],
            [
              127.3377657,
              38.0133663
            ]
          ]
        ]
      },
      "id": "way/531292738"
    },
    {
      "type": "Feature",
      "properties": {
        "@id": "way/616216029",
        "alt_name": "7369부대",
        "landuse": "military",
        "name": "5급양대",
        "name:ko": "5급양대",
        "official_name": "제2군수지원사령부 제5급양대"
      },
      "geometry": {
        "type": "Polygon",
        "coordinates": [
          [
            [
              127.3609254,
              38.0169721
            ],
            [
              127.3614437,
              38.0167482
            ],
            [
              127.3615942,
              38.0169721
            ],
            [
              127.3625806,
              38.0165506
            ],
            [
              127.3630989,
              38.0175253
            ],
            [
              127.3632327,
              38.0191981
            ],
            [
              127.3630488,
              38.0196722
            ],
            [
              127.3609254,
              38.0169721
            ]
          ]
        ]
      },
      "id": "way/616216029"
    },
    {
      "type": "Feature",
      "properties": {
        "@id": "way/616218381",
        "landuse": "military",
        "name": "5군단 헌병단",
        "name:ko": "5군단 헌병단"
      },
      "geometry": {
        "type": "Polygon",
        "coordinates": [
          [
            [
              127.3588521,
              38.019221
            ],
            [
              127.3592696,
              38.02045
            ],
            [
              127.3586226,
              38.0215886
            ],
            [
              127.3564945,
              38.0229864
            ],
            [
              127.3556693,
              38.0224888
            ],
            [
              127.355972,
              38.0208857
            ],
            [
              127.3563111,
              38.0200184
            ],
            [
              127.358226,
              38.0191347
            ],
            [
              127.3588521,
              38.019221
            ]
          ]
        ]
      },
      "id": "way/616218381"
    },
    {
      "type": "Feature",
      "properties": {
        "@id": "way/616218382",
        "landuse": "military",
        "name": "호국금강사",
        "name:ko": "호국금강사",
        "official_name": "제5군단 호국금강사"
      },
      "geometry": {
        "type": "Polygon",
        "coordinates": [
          [
            [
              127.3561346,
              38.0173403
            ],
            [
              127.3570588,
              38.0168759
            ],
            [
              127.3589873,
              38.0187049
            ],
            [
              127.3587108,
              38.0191807
            ],
            [
              127.3582013,
              38.0191062
            ],
            [
              127.3564984,
              38.0192266
            ],
            [
              127.3561346,
              38.0173403
            ]
          ]
        ]
      },
      "id": "way/616218382"
    },
    {
      "type": "Feature",
      "properties": {
        "@id": "way/616219668",
        "landuse": "military",
        "name": "제5군단 사령부",
        "name:ko": "5군단",
        "official_name": "제5군단"
      },
      "geometry": {
        "type": "Polygon",
        "coordinates": [
          [
            [
              127.3567233,
              38.0166251
            ],
            [
              127.3552085,
              38.018103
            ],
            [
              127.355593,
              38.0236348
            ],
            [
              127.3546735,
              38.0252416
            ],
            [
              127.351012,
              38.023885
            ],
            [
              127.3490224,
              38.0221465
            ],
            [
              127.3490893,
              38.0200787
            ],
            [
              127.3469994,
              38.0170756
            ],
            [
              127.3467653,
              38.0137299
            ],
            [
              127.3483035,
              38.0132688
            ],
            [
              127.3500297,
              38.0135605
            ],
            [
              127.3523991,
              38.0163918
            ],
            [
              127.3550647,
              38.0148206
            ],
            [
              127.3567233,
              38.0166251
            ]
          ]
        ]
      },
      "id": "way/616219668"
    },
    {
      "type": "Feature",
      "properties": {
        "@id": "way/616249121",
        "landuse": "military",
        "name": "제6보병사단 군사경찰대대",
        "name:ko": "제6보병사단 군사경찰대대",
        "name:zh": "第六步兵师",
        "official_name": "제6보병사단 군사경찰대대"
      },
      "geometry": {
        "type": "Polygon",
        "coordinates": [
          [
            [
              127.2530748,
              38.129903
            ],
            [
              127.2522665,
              38.1293638
            ],
            [
              127.2531636,
              38.1283894
            ],
            [
              127.2531114,
              38.1280933
            ],
            [
              127.2529707,
              38.1278933
            ],
            [
              127.2529586,
              38.1276529
            ],
            [
              127.253279,
              38.1274121
            ],
            [
              127.2534187,
              38.1275578
            ],
            [
              127.2541616,
              38.1276109
            ],
            [
              127.2545265,
              38.1278038
            ],
            [
              127.2547911,
              38.1278966
            ],
            [
              127.2549267,
              38.1281275
            ],
            [
              127.2545895,
              38.1285351
            ],
            [
              127.2547094,
              38.1285721
            ],
            [
              127.254591,
              38.1286865
            ],
            [
              127.2542383,
              38.1290226
            ],
            [
              127.2540938,
              38.1291063
            ],
            [
              127.2540311,
              38.1292297
            ],
            [
              127.2538946,
              38.129304
            ],
            [
              127.2533811,
              38.1293803
            ],
            [
              127.2530748,
              38.129903
            ]
          ]
        ]
      },
      "id": "way/616249121"
    },
    {
      "type": "Feature",
      "properties": {
        "@id": "way/616249122",
        "landuse": "military",
        "name": "제6보병사단 사령부",
        "name:ko": "제6보병사단 사령부",
        "name:zh": "第六师",
        "official_name": "제6보병사단 사령부"
      },
      "geometry": {
        "type": "Polygon",
        "coordinates": [
          [
            [
              127.2503444,
              38.130917
            ],
            [
              127.2494626,
              38.132129
            ],
            [
              127.2494833,
              38.1324864
            ],
            [
              127.2494944,
              38.1326763
            ],
            [
              127.2490953,
              38.1327947
            ],
            [
              127.2482433,
              38.1336794
            ],
            [
              127.2477366,
              38.1348603
            ],
            [
              127.2472025,
              38.1353266
            ],
            [
              127.2471171,
              38.1355067
            ],
            [
              127.2466056,
              38.1364332
            ],
            [
              127.2462511,
              38.1367901
            ],
            [
              127.2460293,
              38.1372268
            ],
            [
              127.2457397,
              38.1372257
            ],
            [
              127.2450376,
              38.1376102
            ],
            [
              127.2444292,
              38.1377451
            ],
            [
              127.2445483,
              38.1370898
            ],
            [
              127.2449268,
              38.1366979
            ],
            [
              127.2447795,
              38.1359143
            ],
            [
              127.2446837,
              38.1357472
            ],
            [
              127.2446843,
              38.1356089
            ],
            [
              127.244595,
              38.135454
            ],
            [
              127.244395,
              38.1352394
            ],
            [
              127.244454,
              38.1350932
            ],
            [
              127.2442788,
              38.1349792
            ],
            [
              127.2439788,
              38.1350806
            ],
            [
              127.2437613,
              38.1352576
            ],
            [
              127.2433732,
              38.1350998
            ],
            [
              127.2428418,
              38.1344838
            ],
            [
              127.2423733,
              38.1342177
            ],
            [
              127.2415263,
              38.1331952
            ],
            [
              127.2416151,
              38.1330838
            ],
            [
              127.2417026,
              38.1328636
            ],
            [
              127.2416059,
              38.1326422
            ],
            [
              127.2416971,
              38.1323705
            ],
            [
              127.241434,
              38.1321563
            ],
            [
              127.2414118,
              38.1319979
            ],
            [
              127.2417411,
              38.1318869
            ],
            [
              127.2418736,
              38.1316909
            ],
            [
              127.2422003,
              38.1306459
            ],
            [
              127.2422713,
              38.1305431
            ],
            [
              127.2422893,
              38.1304019
            ],
            [
              127.2423208,
              38.1302919
            ],
            [
              127.2424167,
              38.1301983
            ],
            [
              127.2425288,
              38.1301734
            ],
            [
              127.2427754,
              38.1302789
            ],
            [
              127.2429363,
              38.1304117
            ],
            [
              127.243359,
              38.1304902
            ],
            [
              127.2435607,
              38.1304692
            ],
            [
              127.2437231,
              38.130287
            ],
            [
              127.2442676,
              38.1304001
            ],
            [
              127.2442011,
              38.1305825
            ],
            [
              127.2450616,
              38.1308613
            ],
            [
              127.2455206,
              38.1310241
            ],
            [
              127.2461881,
              38.130937
            ],
            [
              127.2468896,
              38.1307736
            ],
            [
              127.24733,
              38.1308134
            ],
            [
              127.2482614,
              38.1312791
            ],
            [
              127.2491482,
              38.1314815
            ],
            [
              127.2492075,
              38.1313611
            ],
            [
              127.2493901,
              38.1306667
            ],
            [
              127.2503444,
              38.130917
            ]
          ]
        ]
      },
      "id": "way/616249122"
    },
    {
      "type": "Feature",
      "properties": {
        "@id": "way/616254085",
        "alt_name": "7882-201부대",
        "landuse": "military",
        "name": "5000대대 2사격대",
        "name:ko": "5000대대 2사격대",
        "official_name": "제5포병여단 제5000포병대대 2사격대"
      },
      "geometry": {
        "type": "Polygon",
        "coordinates": [
          [
            [
              127.1508626,
              38.0220359
            ],
            [
              127.1511333,
              38.0222871
            ],
            [
              127.1511168,
              38.0227487
            ],
            [
              127.1509028,
              38.0230573
            ],
            [
              127.1507177,
              38.0232031
            ],
            [
              127.1499232,
              38.0232862
            ],
            [
              127.1493001,
              38.0236426
            ],
            [
              127.1488794,
              38.0235807
            ],
            [
              127.1478846,
              38.0229811
            ],
            [
              127.1473725,
              38.0225852
            ],
            [
              127.1468787,
              38.021829
            ],
            [
              127.1476143,
              38.0204235
            ],
            [
              127.1463968,
              38.0183879
            ],
            [
              127.1467061,
              38.0182496
            ],
            [
              127.1470544,
              38.0184185
            ],
            [
              127.147936,
              38.0183448
            ],
            [
              127.1493213,
              38.0186981
            ],
            [
              127.1497307,
              38.0200591
            ],
            [
              127.1504132,
              38.020228
            ],
            [
              127.1504502,
              38.0205123
            ],
            [
              127.1508258,
              38.0214343
            ],
            [
              127.1508626,
              38.0220359
            ]
          ]
        ]
      },
      "id": "way/616254085"
    },
    {
      "type": "Feature",
      "properties": {
        "@id": "way/616269544",
        "landuse": "military",
        "name": "제5보병사단 포병여단, 제35보병여단"
      },
      "geometry": {
        "type": "Polygon",
        "coordinates": [
          [
            [
              127.1468739,
              38.0276279
            ],
            [
              127.1451583,
              38.0304201
            ],
            [
              127.1425221,
              38.0308629
            ],
            [
              127.1422054,
              38.030822
            ],
            [
              127.1422328,
              38.0294757
            ],
            [
              127.1425371,
              38.0287211
            ],
            [
              127.1425611,
              38.0283571
            ],
            [
              127.1424778,
              38.0280769
            ],
            [
              127.1424687,
              38.027925
            ],
            [
              127.142418,
              38.027594
            ],
            [
              127.1425016,
              38.0269393
            ],
            [
              127.1430391,
              38.0258503
            ],
            [
              127.1427833,
              38.025743
            ],
            [
              127.141332,
              38.0256341
            ],
            [
              127.141013,
              38.0256314
            ],
            [
              127.1405813,
              38.025443
            ],
            [
              127.1404862,
              38.0252762
            ],
            [
              127.1402456,
              38.0252159
            ],
            [
              127.1400159,
              38.0248406
            ],
            [
              127.1398271,
              38.0241747
            ],
            [
              127.1397173,
              38.0236104
            ],
            [
              127.1397065,
              38.0230131
            ],
            [
              127.1399975,
              38.0228607
            ],
            [
              127.1408284,
              38.0216877
            ],
            [
              127.1415921,
              38.0215828
            ],
            [
              127.1418856,
              38.0213571
            ],
            [
              127.1421063,
              38.0212371
            ],
            [
              127.142458,
              38.02131
            ],
            [
              127.1425373,
              38.021421
            ],
            [
              127.1424734,
              38.0216
            ],
            [
              127.1435411,
              38.0219469
            ],
            [
              127.144178,
              38.0221815
            ],
            [
              127.1447359,
              38.0226477
            ],
            [
              127.1456924,
              38.0230319
            ],
            [
              127.1468603,
              38.0236064
            ],
            [
              127.1481559,
              38.024378
            ],
            [
              127.1482019,
              38.0246875
            ],
            [
              127.1484364,
              38.0247844
            ],
            [
              127.1468739,
              38.0276279
            ]
          ]
        ]
      },
      "id": "way/616269544"
    },
    {
      "type": "Feature",
      "properties": {
        "@id": "way/616648962",
        "alt_name": "7682부대 도하중대",
        "landuse": "military",
        "name": "제5공병여단 도하중대",
        "name:ko": "제7862부대",
        "name:zh": "多哈连第5工兵旅",
        "official_name": "제5군단 제5공병여단 도하중대"
      },
      "geometry": {
        "type": "Polygon",
        "coordinates": [
          [
            [
              127.2972396,
              38.1162934
            ],
            [
              127.2976731,
              38.1160943
            ],
            [
              127.2985935,
              38.115439
            ],
            [
              127.2989117,
              38.115078
            ],
            [
              127.2992287,
              38.114767
            ],
            [
              127.2996318,
              38.1143584
            ],
            [
              127.299907,
              38.113897
            ],
            [
              127.2999087,
              38.113741
            ],
            [
              127.2998563,
              38.1136087
            ],
            [
              127.2997735,
              38.1134586
            ],
            [
              127.2997045,
              38.1133828
            ],
            [
              127.2995493,
              38.1132764
            ],
            [
              127.2994041,
              38.1132516
            ],
            [
              127.2989845,
              38.1132479
            ],
            [
              127.2989353,
              38.113203
            ],
            [
              127.298833,
              38.1129787
            ],
            [
              127.2988278,
              38.1128295
            ],
            [
              127.2987873,
              38.1126915
            ],
            [
              127.2987917,
              38.1125619
            ],
            [
              127.299935,
              38.112639
            ],
            [
              127.2999459,
              38.1128433
            ],
            [
              127.3000459,
              38.1131903
            ],
            [
              127.3006589,
              38.1137865
            ],
            [
              127.300776,
              38.1138712
            ],
            [
              127.3008176,
              38.1139361
            ],
            [
              127.3010094,
              38.1140611
            ],
            [
              127.3011952,
              38.1141036
            ],
            [
              127.3013769,
              38.1141084
            ],
            [
              127.3014079,
              38.1142166
            ],
            [
              127.3016263,
              38.1142974
            ],
            [
              127.3019387,
              38.1141987
            ],
            [
              127.302008,
              38.1142168
            ],
            [
              127.3020555,
              38.114288
            ],
            [
              127.3021251,
              38.1144252
            ],
            [
              127.3021423,
              38.1145945
            ],
            [
              127.3022952,
              38.1147959
            ],
            [
              127.3023601,
              38.1148389
            ],
            [
              127.3024741,
              38.1149246
            ],
            [
              127.3025222,
              38.1150442
            ],
            [
              127.3025927,
              38.1152645
            ],
            [
              127.3025558,
              38.1154074
            ],
            [
              127.3024993,
              38.1155468
            ],
            [
              127.3022067,
              38.1155595
            ],
            [
              127.3019524,
              38.1155773
            ],
            [
              127.3016632,
              38.1157026
            ],
            [
              127.3014841,
              38.1158704
            ],
            [
              127.3013837,
              38.1165493
            ],
            [
              127.3014189,
              38.116588
            ],
            [
              127.3017091,
              38.1166706
            ],
            [
              127.3017438,
              38.1169117
            ],
            [
              127.3016586,
              38.1170077
            ],
            [
              127.3014832,
              38.1171454
            ],
            [
              127.3013319,
              38.1171671
            ],
            [
              127.3009965,
              38.1173497
            ],
            [
              127.3008066,
              38.1174511
            ],
            [
              127.300761,
              38.1174914
            ],
            [
              127.3006751,
              38.1176381
            ],
            [
              127.3006038,
              38.1177256
            ],
            [
              127.3004519,
              38.1178282
            ],
            [
              127.3002584,
              38.1179447
            ],
            [
              127.3001685,
              38.1179965
            ],
            [
              127.299996,
              38.1180115
            ],
            [
              127.2995091,
              38.1175647
            ],
            [
              127.2993566,
              38.117744
            ],
            [
              127.2991853,
              38.1181582
            ],
            [
              127.2988154,
              38.1182426
            ],
            [
              127.2986425,
              38.1186958
            ],
            [
              127.2986598,
              38.1187294
            ],
            [
              127.2988433,
              38.1188024
            ],
            [
              127.29849,
              38.1192243
            ],
            [
              127.2983758,
              38.1192695
            ],
            [
              127.2982608,
              38.1192841
            ],
            [
              127.2978082,
              38.1192064
            ],
            [
              127.29783,
              38.119048
            ],
            [
              127.2975199,
              38.118576
            ],
            [
              127.2971316,
              38.118181
            ],
            [
              127.2971117,
              38.1173888
            ],
            [
              127.2969917,
              38.1172458
            ],
            [
              127.2968131,
              38.1166947
            ],
            [
              127.2966924,
              38.1165405
            ],
            [
              127.2972396,
              38.1162934
            ]
          ]
        ]
      },
      "id": "way/616648962"
    },
    {
      "type": "Feature",
      "properties": {
        "@id": "way/616932622",
        "alt_name": "7176부대",
        "landuse": "military",
        "name": "제605수송대대"
      },
      "geometry": {
        "type": "Polygon",
        "coordinates": [
          [
            [
              127.3261588,
              38.0052465
            ],
            [
              127.3263945,
              38.0026047
            ],
            [
              127.3284637,
              38.0018204
            ],
            [
              127.329948,
              38.0053359
            ],
            [
              127.3261588,
              38.0052465
            ]
          ]
        ]
      },
      "id": "way/616932622"
    },
    {
      "type": "Feature",
      "properties": {
        "@id": "way/616932623",
        "alt_name": "3070-901부대;3070-401부대",
        "landuse": "military",
        "name": "제6보병사단 화생방대대"
      },
      "geometry": {
        "type": "Polygon",
        "coordinates": [
          [
            [
              127.3228498,
              38.0048269
            ],
            [
              127.326365,
              38.0026243
            ],
            [
              127.3261006,
              38.0056388
            ],
            [
              127.3233474,
              38.0055217
            ],
            [
              127.3228498,
              38.0048269
            ]
          ]
        ]
      },
      "id": "way/616932623"
    },
    {
      "type": "Feature",
      "properties": {
        "@id": "way/616932624",
        "landuse": "military",
        "name": "제19보병여단 2대대"
      },
      "geometry": {
        "type": "Polygon",
        "coordinates": [
          [
            [
              127.3316238,
              38.0110525
            ],
            [
              127.331636,
              38.0098723
            ],
            [
              127.3310514,
              38.0094502
            ],
            [
              127.3310393,
              38.0076176
            ],
            [
              127.3314655,
              38.006543
            ],
            [
              127.3339814,
              38.0074691
            ],
            [
              127.3335792,
              38.0083385
            ],
            [
              127.3340742,
              38.0085578
            ],
            [
              127.3335174,
              38.0098333
            ],
            [
              127.3328781,
              38.0101339
            ],
            [
              127.3326203,
              38.0112713
            ],
            [
              127.3316238,
              38.0110525
            ]
          ]
        ]
      },
      "id": "way/616932624"
    },
    {
      "type": "Feature",
      "properties": {
        "@id": "way/616932625",
        "alt_name": "7369부대",
        "landuse": "military",
        "name": "제5급양대",
        "name:ko": "제5급양대",
        "official_name": "제2군수지원사령부 제5급양대"
      },
      "geometry": {
        "type": "Polygon",
        "coordinates": [
          [
            [
              127.3304478,
              38.0056483
            ],
            [
              127.3303169,
              38.0052906
            ],
            [
              127.3303431,
              38.0043137
            ],
            [
              127.3312685,
              38.0036808
            ],
            [
              127.3318448,
              38.003667
            ],
            [
              127.332063,
              38.0033918
            ],
            [
              127.3341667,
              38.0044719
            ],
            [
              127.3339163,
              38.0048912
            ],
            [
              127.3340728,
              38.0050046
            ],
            [
              127.3339418,
              38.0055602
            ],
            [
              127.3332422,
              38.0054699
            ],
            [
              127.3331126,
              38.006218
            ],
            [
              127.3307488,
              38.0059319
            ],
            [
              127.3304478,
              38.0056483
            ]
          ]
        ]
      },
      "id": "way/616932625"
    },
    {
      "type": "Feature",
      "properties": {
        "@id": "way/857129576",
        "landuse": "military",
        "name": "제55탄약대대"
      },
      "geometry": {
        "type": "Polygon",
        "coordinates": [
          [
            [
              127.1337006,
              37.7793868
            ],
            [
              127.1341919,
              37.7792724
            ],
            [
              127.1346994,
              37.779114
            ],
            [
              127.1355509,
              37.7791457
            ],
            [
              127.1357109,
              37.7790986
            ],
            [
              127.135839,
              37.7789863
            ],
            [
              127.1360636,
              37.778752
            ],
            [
              127.136213,
              37.7787339
            ],
            [
              127.1368111,
              37.779292
            ],
            [
              127.1377047,
              37.7801615
            ],
            [
              127.1379739,
              37.7805674
            ],
            [
              127.1377765,
              37.7812107
            ],
            [
              127.13635,
              37.7818166
            ],
            [
              127.1365665,
              37.7821931
            ],
            [
              127.1369274,
              37.7829404
            ],
            [
              127.1365521,
              37.7836591
            ],
            [
              127.1364438,
              37.7846915
            ],
            [
              127.1367036,
              37.7854844
            ],
            [
              127.1366459,
              37.7864769
            ],
            [
              127.1369085,
              37.7869201
            ],
            [
              127.1368053,
              37.7875436
            ],
            [
              127.1365588,
              37.7874925
            ],
            [
              127.1362195,
              37.7874469
            ],
            [
              127.1362484,
              37.7871674
            ],
            [
              127.136234,
              37.7866255
            ],
            [
              127.1360391,
              37.786443
            ],
            [
              127.1348482,
              37.7862434
            ],
            [
              127.1343863,
              37.7863745
            ],
            [
              127.1336285,
              37.7857414
            ],
            [
              127.1333181,
              37.7857072
            ],
            [
              127.1330655,
              37.7860494
            ],
            [
              127.1330727,
              37.7866883
            ],
            [
              127.1334841,
              37.7876807
            ],
            [
              127.1327912,
              37.7882625
            ],
            [
              127.1320334,
              37.7882682
            ],
            [
              127.1317014,
              37.7882226
            ],
            [
              127.1313333,
              37.7888728
            ],
            [
              127.130958,
              37.7888386
            ],
            [
              127.1304889,
              37.788736
            ],
            [
              127.1298609,
              37.7883196
            ],
            [
              127.1293341,
              37.7880401
            ],
            [
              127.1292186,
              37.7875724
            ],
            [
              127.129731,
              37.785884
            ],
            [
              127.1306982,
              37.7854163
            ],
            [
              127.13046,
              37.7846747
            ],
            [
              127.1298682,
              37.7841329
            ],
            [
              127.1292908,
              37.7841329
            ],
            [
              127.128734,
              37.7841232
            ],
            [
              127.1282039,
              37.7840261
            ],
            [
              127.1289443,
              37.7826041
            ],
            [
              127.1269342,
              37.7814261
            ],
            [
              127.1263244,
              37.7813207
            ],
            [
              127.1268152,
              37.78087
            ],
            [
              127.1269523,
              37.780271
            ],
            [
              127.1263749,
              37.7800258
            ],
            [
              127.1258913,
              37.7800942
            ],
            [
              127.1252923,
              37.7804365
            ],
            [
              127.1249891,
              37.7810925
            ],
            [
              127.1248159,
              37.7813435
            ],
            [
              127.1245633,
              37.7814576
            ],
            [
              127.1244984,
              37.7808415
            ],
            [
              127.124188,
              37.7803794
            ],
            [
              127.1243435,
              37.7790411
            ],
            [
              127.1246154,
              37.7787293
            ],
            [
              127.1254511,
              37.7785768
            ],
            [
              127.1277766,
              37.7786879
            ],
            [
              127.1282595,
              37.7789582
            ],
            [
              127.1284085,
              37.7793837
            ],
            [
              127.1286451,
              37.7797282
            ],
            [
              127.1291581,
              37.7797435
            ],
            [
              127.1302968,
              37.7797505
            ],
            [
              127.1306944,
              37.7796758
            ],
            [
              127.1308413,
              37.7794601
            ],
            [
              127.1308815,
              37.7789343
            ],
            [
              127.1309525,
              37.778771
            ],
            [
              127.1320081,
              37.7787117
            ],
            [
              127.1324172,
              37.7788333
            ],
            [
              127.132618,
              37.7789932
            ],
            [
              127.1327671,
              37.7791293
            ],
            [
              127.1334012,
              37.7789782
            ],
            [
              127.1337006,
              37.7793868
            ]
          ]
        ]
      },
      "id": "way/857129576"
    },
    {
      "type": "Feature",
      "properties": {
        "@id": "way/951696040",
        "description": "훈련장. 불특정시기 출입 통제될수 있습니다.",
        "landuse": "military"
      },
      "geometry": {
        "type": "Polygon",
        "coordinates": [
          [
            [
              127.1870538,
              38.1880801
            ],
            [
              127.1873122,
              38.187991
            ],
            [
              127.1874255,
              38.1880495
            ],
            [
              127.1876484,
              38.1880467
            ],
            [
              127.1877263,
              38.1879577
            ],
            [
              127.1878431,
              38.1878353
            ],
            [
              127.1880059,
              38.187724
            ],
            [
              127.1882147,
              38.1878436
            ],
            [
              127.1884554,
              38.1879493
            ],
            [
              127.1884801,
              38.1880272
            ],
            [
              127.1886217,
              38.1881524
            ],
            [
              127.1886819,
              38.1883221
            ],
            [
              127.1886182,
              38.188425
            ],
            [
              127.1882395,
              38.1882859
            ],
            [
              127.187967,
              38.1881357
            ],
            [
              127.1878395,
              38.1882247
            ],
            [
              127.1874538,
              38.1883805
            ],
            [
              127.1870751,
              38.1884723
            ],
            [
              127.1870538,
              38.1880801
            ]
          ]
        ]
      },
      "id": "way/951696040"
    },
    {
      "type": "Feature",
      "properties": {
        "@id": "way/1031963961",
        "landuse": "military",
        "name": "제55탄약대대 551중대"
      },
      "geometry": {
        "type": "Polygon",
        "coordinates": [
          [
            [
              127.2877933,
              37.8610324
            ],
            [
              127.28851,
              37.8621442
            ],
            [
              127.2888438,
              37.8628629
            ],
            [
              127.2894811,
              37.8646118
            ],
            [
              127.2889591,
              37.865594
            ],
            [
              127.2896935,
              37.8658527
            ],
            [
              127.2898756,
              37.8653113
            ],
            [
              127.2905675,
              37.865915
            ],
            [
              127.2910242,
              37.8657275
            ],
            [
              127.2913814,
              37.8658424
            ],
            [
              127.2917163,
              37.8660946
            ],
            [
              127.2914963,
              37.8669454
            ],
            [
              127.2922614,
              37.8675265
            ],
            [
              127.2934811,
              37.8679709
            ],
            [
              127.2933711,
              37.8684244
            ],
            [
              127.2931568,
              37.8695364
            ],
            [
              127.2934681,
              37.8698748
            ],
            [
              127.2938616,
              37.8702418
            ],
            [
              127.294033,
              37.8710256
            ],
            [
              127.2938626,
              37.8727435
            ],
            [
              127.292823,
              37.8724158
            ],
            [
              127.2888856,
              37.8702282
            ],
            [
              127.2887671,
              37.8697677
            ],
            [
              127.2877043,
              37.8683792
            ],
            [
              127.2872383,
              37.8676588
            ],
            [
              127.2864908,
              37.8670097
            ],
            [
              127.2865838,
              37.8665746
            ],
            [
              127.2862484,
              37.8658689
            ],
            [
              127.2861111,
              37.8642579
            ],
            [
              127.2856733,
              37.8621166
            ],
            [
              127.2865488,
              37.860653
            ],
            [
              127.2877933,
              37.8610324
            ]
          ]
        ]
      },
      "id": "way/1031963961"
    },
    {
      "type": "Feature",
      "properties": {
        "@id": "way/1031963962",
        "landuse": "military"
      },
      "geometry": {
        "type": "Polygon",
        "coordinates": [
          [
            [
              127.2784773,
              37.8555251
            ],
            [
              127.2776949,
              37.8543644
            ],
            [
              127.2768238,
              37.8532524
            ],
            [
              127.2762828,
              37.8522128
            ],
            [
              127.2757724,
              37.8517937
            ],
            [
              127.2753598,
              37.8510129
            ],
            [
              127.2760671,
              37.8508534
            ],
            [
              127.2776405,
              37.851258
            ],
            [
              127.2784994,
              37.8504259
            ],
            [
              127.2798779,
              37.849685
            ],
            [
              127.2810183,
              37.849799
            ],
            [
              127.2814802,
              37.8504487
            ],
            [
              127.2810905,
              37.8526941
            ],
            [
              127.2805275,
              37.8533894
            ],
            [
              127.2804791,
              37.8535808
            ],
            [
              127.2802806,
              37.8537545
            ],
            [
              127.2802727,
              37.855624
            ],
            [
              127.2798192,
              37.8557664
            ],
            [
              127.279149,
              37.8557885
            ],
            [
              127.2784773,
              37.8555251
            ]
          ]
        ]
      },
      "id": "way/1031963962"
    },
    {
      "type": "Feature",
      "properties": {
        "@id": "way/1047614086",
        "aeroway": "aerodrome",
        "fixme": "혹시 '운천비행장 공원화 사업' 부지가 여기라면 최근 상황에 맞게 고쳐 주시기 바랍니다.\nhttps://www.kgnews.co.kr/news/article.html?no=666127",
        "icao": "RK18",
        "landuse": "military",
        "military": "airfield",
        "name": "G-233"
      },
      "geometry": {
        "type": "Polygon",
        "coordinates": [
          [
            [
              127.2679666,
              38.086078
            ],
            [
              127.2672772,
              38.0857634
            ],
            [
              127.2668293,
              38.0853243
            ],
            [
              127.2666898,
              38.0852272
            ],
            [
              127.2661695,
              38.0850372
            ],
            [
              127.2659227,
              38.0841927
            ],
            [
              127.266781,
              38.0829872
            ],
            [
              127.2677359,
              38.0828183
            ],
            [
              127.2686398,
              38.0828648
            ],
            [
              127.269769,
              38.0797148
            ],
            [
              127.2699594,
              38.0796451
            ],
            [
              127.2701311,
              38.0798752
            ],
            [
              127.270866,
              38.0802532
            ],
            [
              127.2709599,
              38.0806036
            ],
            [
              127.2709063,
              38.0810111
            ],
            [
              127.2706032,
              38.0818894
            ],
            [
              127.27052,
              38.0820076
            ],
            [
              127.2704771,
              38.0824784
            ],
            [
              127.2698924,
              38.0833187
            ],
            [
              127.2692567,
              38.0838085
            ],
            [
              127.2688571,
              38.0844735
            ],
            [
              127.2685298,
              38.0852863
            ],
            [
              127.2686961,
              38.0854446
            ],
            [
              127.2679666,
              38.086078
            ]
          ]
        ]
      },
      "id": "way/1047614086"
    },
    {
      "type": "Feature",
      "properties": {
        "@id": "way/1189585742",
        "landuse": "military",
        "name": "제705특공연대"
      },
      "geometry": {
        "type": "Polygon",
        "coordinates": [
          [
            [
              127.3793357,
              38.0377993
            ],
            [
              127.3789889,
              38.0371972
            ],
            [
              127.3784934,
              38.0369742
            ],
            [
              127.3781607,
              38.0372307
            ],
            [
              127.3763628,
              38.0371024
            ],
            [
              127.376016,
              38.0369463
            ],
            [
              127.375294,
              38.0369073
            ],
            [
              127.3752161,
              38.0367568
            ],
            [
              127.375025,
              38.0364557
            ],
            [
              127.3751524,
              38.0361435
            ],
            [
              127.3737579,
              38.0363164
            ],
            [
              127.3734819,
              38.0357198
            ],
            [
              127.3736447,
              38.0356139
            ],
            [
              127.3761221,
              38.0352905
            ],
            [
              127.3763982,
              38.0351233
            ],
            [
              127.3770494,
              38.0350397
            ],
            [
              127.3776865,
              38.0351902
            ],
            [
              127.3776794,
              38.0354522
            ],
            [
              127.37855,
              38.0354801
            ],
            [
              127.3792083,
              38.0358759
            ],
            [
              127.3793216,
              38.0363554
            ],
            [
              127.3796047,
              38.0366899
            ],
            [
              127.3796609,
              38.03699
            ],
            [
              127.3801143,
              38.0378105
            ],
            [
              127.3793357,
              38.0377993
            ]
          ]
        ]
      },
      "id": "way/1189585742"
    },
    {
      "type": "Feature",
      "properties": {
        "@id": "way/1189587420",
        "landuse": "military",
        "name": "제81전차대대"
      },
      "geometry": {
        "type": "Polygon",
        "coordinates": [
          [
            [
              127.3935485,
              38.0117034
            ],
            [
              127.3932395,
              38.0122543
            ],
            [
              127.3930118,
              38.01269
            ],
            [
              127.3912068,
              38.0133562
            ],
            [
              127.3899709,
              38.0132665
            ],
            [
              127.3886862,
              38.0137021
            ],
            [
              127.3872714,
              38.0135868
            ],
            [
              127.3857103,
              38.0139199
            ],
            [
              127.3851411,
              38.0150986
            ],
            [
              127.3838239,
              38.0140096
            ],
            [
              127.3834824,
              38.0128053
            ],
            [
              127.3833719,
              38.0127275
            ],
            [
              127.3826714,
              38.0131698
            ],
            [
              127.381872,
              38.0138165
            ],
            [
              127.3816798,
              38.0138912
            ],
            [
              127.3815557,
              38.014047
            ],
            [
              127.3814123,
              38.0142615
            ],
            [
              127.3812423,
              38.0144325
            ],
            [
              127.3809893,
              38.0145662
            ],
            [
              127.380824,
              38.0144663
            ],
            [
              127.3804628,
              38.0143862
            ],
            [
              127.3799423,
              38.0145767
            ],
            [
              127.3792294,
              38.0138088
            ],
            [
              127.3790879,
              38.0135205
            ],
            [
              127.3794007,
              38.0134075
            ],
            [
              127.3795968,
              38.0129565
            ],
            [
              127.3794884,
              38.0129065
            ],
            [
              127.3798307,
              38.0126692
            ],
            [
              127.3795782,
              38.0122385
            ],
            [
              127.3797815,
              38.012114
            ],
            [
              127.3800289,
              38.0120249
            ],
            [
              127.3801818,
              38.0120441
            ],
            [
              127.3804014,
              38.0119991
            ],
            [
              127.3805539,
              38.0119006
            ],
            [
              127.3806195,
              38.0118013
            ],
            [
              127.3808953,
              38.011633
            ],
            [
              127.380798,
              38.0115093
            ],
            [
              127.3807982,
              38.0112259
            ],
            [
              127.3804645,
              38.0107398
            ],
            [
              127.3798505,
              38.0109514
            ],
            [
              127.3779046,
              38.0113575
            ],
            [
              127.3770636,
              38.0118131
            ],
            [
              127.3767065,
              38.0113557
            ],
            [
              127.3769011,
              38.0109172
            ],
            [
              127.3764901,
              38.010858
            ],
            [
              127.3746684,
              38.0107449
            ],
            [
              127.3731581,
              38.0100042
            ],
            [
              127.3732072,
              38.0091935
            ],
            [
              127.3735138,
              38.0084
            ],
            [
              127.374192,
              38.0084099
            ],
            [
              127.3741241,
              38.0086722
            ],
            [
              127.3745127,
              38.0088763
            ],
            [
              127.37501,
              38.0086155
            ],
            [
              127.3761308,
              38.0066825
            ],
            [
              127.3776863,
              38.0049201
            ],
            [
              127.378128,
              38.0045709
            ],
            [
              127.3825472,
              38.0032099
            ],
            [
              127.3859535,
              38.0026107
            ],
            [
              127.3892879,
              38.0016962
            ],
            [
              127.391324,
              38.0007115
            ],
            [
              127.3920178,
              37.9993278
            ],
            [
              127.3931577,
              37.9990125
            ],
            [
              127.3956463,
              38.0017602
            ],
            [
              127.3965173,
              38.00284
            ],
            [
              127.3905351,
              38.0056635
            ],
            [
              127.3902696,
              38.0082575
            ],
            [
              127.3898836,
              38.01002
            ],
            [
              127.3925256,
              38.0098202
            ],
            [
              127.3935485,
              38.0117034
            ]
          ]
        ]
      },
      "id": "way/1189587420"
    },
    {
      "type": "Feature",
      "properties": {
        "@id": "way/1222684152",
        "amenity": "hospital",
        "healthcare": "hospital",
        "landuse": "military",
        "name": "국군포천병원"
      },
      "geometry": {
        "type": "Polygon",
        "coordinates": [
          [
            [
              127.3103155,
              37.916582
            ],
            [
              127.31029,
              37.9163832
            ],
            [
              127.3100805,
              37.9156438
            ],
            [
              127.3098042,
              37.9150519
            ],
            [
              127.3102148,
              37.9149067
            ],
            [
              127.311101,
              37.9149313
            ],
            [
              127.3115993,
              37.9150564
            ],
            [
              127.3116984,
              37.9156371
            ],
            [
              127.3119759,
              37.9157108
            ],
            [
              127.3135558,
              37.9158806
            ],
            [
              127.3136266,
              37.9162045
            ],
            [
              127.3133604,
              37.9170287
            ],
            [
              127.3129527,
              37.9172945
            ],
            [
              127.3127687,
              37.9175179
            ],
            [
              127.3118853,
              37.9178797
            ],
            [
              127.3103167,
              37.9176519
            ],
            [
              127.310358,
              37.9171471
            ],
            [
              127.3103155,
              37.916582
            ]
          ]
        ]
      },
      "id": "way/1222684152"
    },
    {
      "type": "Feature",
      "properties": {
        "@id": "way/1241629327",
        "landuse": "military",
        "name": "특수기동지원여단"
      },
      "geometry": {
        "type": "Polygon",
        "coordinates": [
          [
            [
              127.3237986,
              37.9884857
            ],
            [
              127.3234204,
              37.9878674
            ],
            [
              127.3233176,
              37.9877569
            ],
            [
              127.3231355,
              37.9876907
            ],
            [
              127.3226265,
              37.9873005
            ],
            [
              127.322421,
              37.9868994
            ],
            [
              127.3222482,
              37.9867926
            ],
            [
              127.3221501,
              37.9866969
            ],
            [
              127.3221034,
              37.9865276
            ],
            [
              127.3220941,
              37.9863546
            ],
            [
              127.3224303,
              37.9854823
            ],
            [
              127.3230701,
              37.9850259
            ],
            [
              127.3227899,
              37.9847498
            ],
            [
              127.3236212,
              37.9838554
            ],
            [
              127.3239107,
              37.9839364
            ],
            [
              127.3240415,
              37.9838186
            ],
            [
              127.3241676,
              37.9838407
            ],
            [
              127.3256853,
              37.9851584
            ],
            [
              127.3251483,
              37.9858504
            ],
            [
              127.3251483,
              37.9859829
            ],
            [
              127.3260589,
              37.9865607
            ],
            [
              127.32569,
              37.9872196
            ],
            [
              127.3265026,
              37.9877275
            ],
            [
              127.3260356,
              37.9881213
            ],
            [
              127.3255032,
              37.9879704
            ],
            [
              127.3249288,
              37.9879888
            ],
            [
              127.324742,
              37.9880624
            ],
            [
              127.3237986,
              37.9884857
            ]
          ]
        ]
      },
      "id": "way/1241629327"
    },
    {
      "type": "Feature",
      "properties": {
        "@id": "way/1241629994",
        "landuse": "military",
        "military_service": "대한민국_육군",
        "name": "제19보병여단"
      },
      "geometry": {
        "type": "Polygon",
        "coordinates": [
          [
            [
              127.3235067,
              38.0174033
            ],
            [
              127.325022,
              38.0163919
            ],
            [
              127.3251452,
              38.0158385
            ],
            [
              127.3248741,
              38.0155375
            ],
            [
              127.3245783,
              38.0152656
            ],
            [
              127.3243195,
              38.0144791
            ],
            [
              127.3247015,
              38.0137121
            ],
            [
              127.3262051,
              38.0122265
            ],
            [
              127.3264516,
              38.011673
            ],
            [
              127.3272389,
              38.0107848
            ],
            [
              127.3281577,
              38.0108105
            ],
            [
              127.3280439,
              38.0120533
            ],
            [
              127.3284016,
              38.0125594
            ],
            [
              127.3292635,
              38.0125978
            ],
            [
              127.3291497,
              38.0163453
            ],
            [
              127.3284016,
              38.0163773
            ],
            [
              127.3281658,
              38.0172485
            ],
            [
              127.3277756,
              38.0172165
            ],
            [
              127.3275072,
              38.0169603
            ],
            [
              127.3271007,
              38.0168322
            ],
            [
              127.326564,
              38.0168898
            ],
            [
              127.3259298,
              38.017146
            ],
            [
              127.3251005,
              38.0174471
            ],
            [
              127.3235067,
              38.0174033
            ]
          ]
        ]
      },
      "id": "way/1241629994"
    },
    {
      "type": "Feature",
      "properties": {
        "@id": "way/1241629995",
        "landuse": "military",
        "military": "base"
      },
      "geometry": {
        "type": "Polygon",
        "coordinates": [
          [
            [
              127.3249075,
              38.0109495
            ],
            [
              127.3240633,
              38.0107505
            ],
            [
              127.3240448,
              38.0082501
            ],
            [
              127.3246425,
              38.0080801
            ],
            [
              127.325154,
              38.0073373
            ],
            [
              127.3265219,
              38.0073615
            ],
            [
              127.3264172,
              38.0078519
            ],
            [
              127.3269163,
              38.0083132
            ],
            [
              127.3271417,
              38.0090512
            ],
            [
              127.326353,
              38.0095756
            ],
            [
              127.3258107,
              38.010401
            ],
            [
              127.325413,
              38.0109866
            ],
            [
              127.3249075,
              38.0109495
            ]
          ]
        ]
      },
      "id": "way/1241629995"
    },
    {
      "type": "Feature",
      "properties": {
        "@id": "way/1241629996",
        "landuse": "military",
        "name": "제121공병대대"
      },
      "geometry": {
        "type": "Polygon",
        "coordinates": [
          [
            [
              127.3729669,
              38.005357
            ],
            [
              127.3738613,
              38.0046202
            ],
            [
              127.3746337,
              38.0043831
            ],
            [
              127.3753249,
              38.0034734
            ],
            [
              127.3759835,
              38.0035759
            ],
            [
              127.3770405,
              38.0031915
            ],
            [
              127.3783599,
              38.0035674
            ],
            [
              127.3782764,
              38.0042422
            ],
            [
              127.3772194,
              38.0043831
            ],
            [
              127.3756501,
              38.0070355
            ],
            [
              127.3738288,
              38.0054723
            ],
            [
              127.3732108,
              38.0056965
            ],
            [
              127.3729669,
              38.005357
            ]
          ]
        ]
      },
      "id": "way/1241629996"
    },
    {
      "type": "Feature",
      "properties": {
        "@id": "way/1285094009",
        "landuse": "military"
      },
      "geometry": {
        "type": "Polygon",
        "coordinates": [
          [
            [
              127.150492,
              37.8497567
            ],
            [
              127.1504858,
              37.8493612
            ],
            [
              127.1506404,
              37.8489412
            ],
            [
              127.1510115,
              37.8485602
            ],
            [
              127.1511167,
              37.8481158
            ],
            [
              127.1513331,
              37.8474761
            ],
            [
              127.1516176,
              37.8473735
            ],
            [
              127.1519454,
              37.8472074
            ],
            [
              127.1519887,
              37.8467044
            ],
            [
              127.1520629,
              37.8458644
            ],
            [
              127.1519949,
              37.8453907
            ],
            [
              127.1524959,
              37.8449267
            ],
            [
              127.1526319,
              37.8448583
            ],
            [
              127.152768,
              37.8453369
            ],
            [
              127.1533679,
              37.8454053
            ],
            [
              127.1534916,
              37.8447167
            ],
            [
              127.1541719,
              37.8447362
            ],
            [
              127.1545863,
              37.8448437
            ],
            [
              127.1550749,
              37.845039
            ],
            [
              127.1556872,
              37.8454444
            ],
            [
              127.1559222,
              37.8459865
            ],
            [
              127.1560892,
              37.8462356
            ],
            [
              127.1563428,
              37.8463235
            ],
            [
              127.1571468,
              37.8463332
            ],
            [
              127.1581178,
              37.8462551
            ],
            [
              127.158359,
              37.8463137
            ],
            [
              127.1589589,
              37.8468558
            ],
            [
              127.1585755,
              37.8470414
            ],
            [
              127.1579755,
              37.8472514
            ],
            [
              127.1575673,
              37.8475737
            ],
            [
              127.1570355,
              37.8477105
            ],
            [
              127.1564974,
              37.8477349
            ],
            [
              127.156182,
              37.8476665
            ],
            [
              127.1557305,
              37.8476812
            ],
            [
              127.1553099,
              37.8477984
            ],
            [
              127.1550811,
              37.8478619
            ],
            [
              127.1549388,
              37.8478423
            ],
            [
              127.1545987,
              37.847813
            ],
            [
              127.1541286,
              37.8479449
            ],
            [
              127.1539493,
              37.8477251
            ],
            [
              127.1535287,
              37.8479547
            ],
            [
              127.1532442,
              37.8483698
            ],
            [
              127.1528113,
              37.8485847
            ],
            [
              127.1525701,
              37.8485358
            ],
            [
              127.1520011,
              37.8490486
            ],
            [
              127.1519578,
              37.8493465
            ],
            [
              127.1519949,
              37.849703
            ],
            [
              127.1524526,
              37.8501865
            ],
            [
              127.1520011,
              37.8505235
            ],
            [
              127.1515558,
              37.8506651
            ],
            [
              127.1511723,
              37.8510167
            ],
            [
              127.1509249,
              37.8513439
            ],
            [
              127.1506652,
              37.8513244
            ],
            [
              127.1507208,
              37.8509434
            ],
            [
              127.1508507,
              37.8502304
            ],
            [
              127.1506652,
              37.8500742
            ],
            [
              127.150492,
              37.8497567
            ]
          ]
        ]
      },
      "id": "way/1285094009"
    },
    {
      "type": "Feature",
      "properties": {
        "@id": "way/1288202196",
        "landuse": "military"
      },
      "geometry": {
        "type": "Polygon",
        "coordinates": [
          [
            [
              127.1284193,
              37.8403771
            ],
            [
              127.1281484,
              37.8403305
            ],
            [
              127.1278158,
              37.8401907
            ],
            [
              127.1272847,
              37.8397226
            ],
            [
              127.127459,
              37.8394832
            ],
            [
              127.127282,
              37.8392778
            ],
            [
              127.1290067,
              37.838494
            ],
            [
              127.1292454,
              37.8386105
            ],
            [
              127.1297389,
              37.8390215
            ],
            [
              127.1297765,
              37.8393985
            ],
            [
              127.1295834,
              37.8399281
            ],
            [
              127.1284193,
              37.8403771
            ]
          ]
        ]
      },
      "id": "way/1288202196"
    },
    {
      "type": "Feature",
      "properties": {
        "@id": "way/1288202197",
        "landuse": "military"
      },
      "geometry": {
        "type": "Polygon",
        "coordinates": [
          [
            [
              127.1307421,
              37.8394409
            ],
            [
              127.1306026,
              37.8391168
            ],
            [
              127.1303961,
              37.8379835
            ],
            [
              127.1302861,
              37.8373502
            ],
            [
              127.1308225,
              37.8367655
            ],
            [
              127.1309271,
              37.8367147
            ],
            [
              127.1314073,
              37.8368778
            ],
            [
              127.1319813,
              37.8378522
            ],
            [
              127.1323541,
              37.838064
            ],
            [
              127.1323863,
              37.8381742
            ],
            [
              127.1324372,
              37.8386783
            ],
            [
              127.1325874,
              37.8392036
            ],
            [
              127.1307421,
              37.8394409
            ]
          ]
        ]
      },
      "id": "way/1288202197"
    },
    {
      "type": "Feature",
      "properties": {
        "@id": "way/1289607424",
        "landuse": "military",
        "name": "제1기갑여단"
      },
      "geometry": {
        "type": "Polygon",
        "coordinates": [
          [
            [
              127.2656889,
              38.0918516
            ],
            [
              127.265858,
              38.0920532
            ],
            [
              127.2660808,
              38.0923596
            ],
            [
              127.2662473,
              38.0928917
            ],
            [
              127.2665485,
              38.0931666
            ],
            [
              127.2667543,
              38.0936818
            ],
            [
              127.2668926,
              38.0942059
            ],
            [
              127.2679017,
              38.0945837
            ],
            [
              127.2679834,
              38.0947312
            ],
            [
              127.2680688,
              38.0947566
            ],
            [
              127.2684379,
              38.0947044
            ],
            [
              127.2692299,
              38.0949534
            ],
            [
              127.2684099,
              38.095877
            ],
            [
              127.2681301,
              38.095437
            ],
            [
              127.2680525,
              38.0953843
            ],
            [
              127.2675659,
              38.0953661
            ],
            [
              127.2665443,
              38.0969335
            ],
            [
              127.2663022,
              38.096991
            ],
            [
              127.2661234,
              38.0969695
            ],
            [
              127.2659797,
              38.0969052
            ],
            [
              127.2659676,
              38.0967185
            ],
            [
              127.2658771,
              38.0966544
            ],
            [
              127.2653376,
              38.0968108
            ],
            [
              127.263021,
              38.0969456
            ],
            [
              127.2624026,
              38.0969986
            ],
            [
              127.2621089,
              38.0969415
            ],
            [
              127.2608836,
              38.0967035
            ],
            [
              127.2588986,
              38.0962409
            ],
            [
              127.2585908,
              38.0960786
            ],
            [
              127.2581152,
              38.0957563
            ],
            [
              127.2573059,
              38.0953693
            ],
            [
              127.2566657,
              38.0952846
            ],
            [
              127.2563174,
              38.0950992
            ],
            [
              127.2558564,
              38.0951355
            ],
            [
              127.2555183,
              38.0949541
            ],
            [
              127.2553595,
              38.094946
            ],
            [
              127.2550656,
              38.094813
            ],
            [
              127.2549478,
              38.094809
            ],
            [
              127.2548351,
              38.0948614
            ],
            [
              127.2545533,
              38.0948211
            ],
            [
              127.2546046,
              38.0945752
            ],
            [
              127.2544919,
              38.0944462
            ],
            [
              127.2541282,
              38.0944623
            ],
            [
              127.2538465,
              38.0944824
            ],
            [
              127.252904,
              38.0946518
            ],
            [
              127.252192,
              38.0947082
            ],
            [
              127.2518488,
              38.094688
            ],
            [
              127.2515722,
              38.0947888
            ],
            [
              127.2515415,
              38.0950146
            ],
            [
              127.2514698,
              38.0951153
            ],
            [
              127.2512393,
              38.0951556
            ],
            [
              127.2510754,
              38.0952806
            ],
            [
              127.2510344,
              38.0954862
            ],
            [
              127.2508859,
              38.0957281
            ],
            [
              127.25064,
              38.0959538
            ],
            [
              127.2504659,
              38.0960989
            ],
            [
              127.2494773,
              38.0972276
            ],
            [
              127.249298,
              38.0973001
            ],
            [
              127.2491499,
              38.0973375
            ],
            [
              127.2483765,
              38.0971923
            ],
            [
              127.2482535,
              38.0971641
            ],
            [
              127.2481306,
              38.0972004
            ],
            [
              127.2476286,
              38.096233
            ],
            [
              127.2478028,
              38.0959427
            ],
            [
              127.2479308,
              38.0958541
            ],
            [
              127.2479155,
              38.0957492
            ],
            [
              127.248023,
              38.095459
            ],
            [
              127.247772,
              38.0951043
            ],
            [
              127.2477003,
              38.0950478
            ],
            [
              127.2469013,
              38.0949874
            ],
            [
              127.2468244,
              38.0949041
            ],
            [
              127.2470549,
              38.0936907
            ],
            [
              127.2470806,
              38.0935144
            ],
            [
              127.2466298,
              38.0935064
            ],
            [
              127.24622,
              38.0933935
            ],
            [
              127.2458103,
              38.0930992
            ],
            [
              127.2457283,
              38.0925107
            ],
            [
              127.2457181,
              38.0919866
            ],
            [
              127.2456924,
              38.0915961
            ],
            [
              127.2460869,
              38.0905923
            ],
            [
              127.2464864,
              38.0897658
            ],
            [
              127.2465632,
              38.089137
            ],
            [
              127.2467835,
              38.0884435
            ],
            [
              127.2473981,
              38.0887056
            ],
            [
              127.2480282,
              38.0878348
            ],
            [
              127.2483816,
              38.0881089
            ],
            [
              127.2489706,
              38.0875365
            ],
            [
              127.2496444,
              38.0874593
            ],
            [
              127.2498288,
              38.0881044
            ],
            [
              127.2500273,
              38.0880308
            ],
            [
              127.2501669,
              38.0878544
            ],
            [
              127.2506945,
              38.0876367
            ],
            [
              127.2510018,
              38.0876246
            ],
            [
              127.2517701,
              38.0873827
            ],
            [
              127.2518982,
              38.0872618
            ],
            [
              127.2523592,
              38.0874109
            ],
            [
              127.2544644,
              38.0874432
            ],
            [
              127.2557151,
              38.087294
            ],
            [
              127.2565449,
              38.0872053
            ],
            [
              127.2570776,
              38.0876004
            ],
            [
              127.2573337,
              38.0878221
            ],
            [
              127.2575899,
              38.0878665
            ],
            [
              127.2577947,
              38.0877536
            ],
            [
              127.2580611,
              38.0874351
            ],
            [
              127.258307,
              38.087298
            ],
            [
              127.2586432,
              38.0873787
            ],
            [
              127.2586585,
              38.0877133
            ],
            [
              127.2587968,
              38.0879189
            ],
            [
              127.2590478,
              38.0883785
            ],
            [
              127.2595242,
              38.0884752
            ],
            [
              127.2599391,
              38.0884873
            ],
            [
              127.2601769,
              38.0890033
            ],
            [
              127.2605011,
              38.0893308
            ],
            [
              127.2609668,
              38.0893667
            ],
            [
              127.2609606,
              38.0895758
            ],
            [
              127.261276,
              38.0895751
            ],
            [
              127.2620862,
              38.0899858
            ],
            [
              127.262344,
              38.0899693
            ],
            [
              127.2624615,
              38.089981
            ],
            [
              127.2626175,
              38.0903011
            ],
            [
              127.2627897,
              38.0903751
            ],
            [
              127.262794,
              38.0906601
            ],
            [
              127.2629003,
              38.0907191
            ],
            [
              127.2627547,
              38.091206
            ],
            [
              127.263217,
              38.0917448
            ],
            [
              127.2635422,
              38.0920914
            ],
            [
              127.2641228,
              38.0923494
            ],
            [
              127.2645735,
              38.0921236
            ],
            [
              127.2650038,
              38.0918656
            ],
            [
              127.2655621,
              38.091656
            ],
            [
              127.2656889,
              38.0918516
            ]
          ]
        ]
      },
      "id": "way/1289607424"
    },
    {
      "type": "Feature",
      "properties": {
        "@id": "way/1291643594",
        "landuse": "military",
        "name": "제138기계화보병대대"
      },
      "geometry": {
        "type": "Polygon",
        "coordinates": [
          [
            [
              127.2812888,
              38.0797154
            ],
            [
              127.2817632,
              38.079339
            ],
            [
              127.2824638,
              38.0788022
            ],
            [
              127.2826788,
              38.078703
            ],
            [
              127.2830309,
              38.0787001
            ],
            [
              127.2827677,
              38.0782566
            ],
            [
              127.2831198,
              38.0780786
            ],
            [
              127.283131,
              38.0781223
            ],
            [
              127.2837833,
              38.0780523
            ],
            [
              127.28481,
              38.0778656
            ],
            [
              127.2851844,
              38.0783645
            ],
            [
              127.2855996,
              38.078089
            ],
            [
              127.2856256,
              38.0781445
            ],
            [
              127.2855663,
              38.0781766
            ],
            [
              127.2856,
              38.0782349
            ],
            [
              127.28566,
              38.0783061
            ],
            [
              127.2857138,
              38.0783638
            ],
            [
              127.28577,
              38.0783965
            ],
            [
              127.2858568,
              38.0784379
            ],
            [
              127.2859131,
              38.0784495
            ],
            [
              127.2860326,
              38.0783621
            ],
            [
              127.2859251,
              38.0781258
            ],
            [
              127.2860178,
              38.0780587
            ],
            [
              127.2860289,
              38.0779741
            ],
            [
              127.2861809,
              38.0780208
            ],
            [
              127.2862995,
              38.0782483
            ],
            [
              127.2869037,
              38.0784788
            ],
            [
              127.2869074,
              38.0785343
            ],
            [
              127.2867109,
              38.0789194
            ],
            [
              127.286659,
              38.0789953
            ],
            [
              127.2865071,
              38.0790916
            ],
            [
              127.2863922,
              38.0792053
            ],
            [
              127.286281,
              38.0795059
            ],
            [
              127.2863069,
              38.0796051
            ],
            [
              127.286129,
              38.0796984
            ],
            [
              127.286066,
              38.0797509
            ],
            [
              127.2859177,
              38.0801594
            ],
            [
              127.2858695,
              38.0802353
            ],
            [
              127.2858214,
              38.0802644
            ],
            [
              127.285699,
              38.0802761
            ],
            [
              127.2855693,
              38.0802732
            ],
            [
              127.2855174,
              38.0801944
            ],
            [
              127.2855137,
              38.0801215
            ],
            [
              127.285447,
              38.0800777
            ],
            [
              127.2853321,
              38.0800894
            ],
            [
              127.2852135,
              38.0801361
            ],
            [
              127.2851356,
              38.0801828
            ],
            [
              127.285106,
              38.0802324
            ],
            [
              127.285169,
              38.0803636
            ],
            [
              127.2852913,
              38.0805329
            ],
            [
              127.2854099,
              38.0806467
            ],
            [
              127.2854878,
              38.0807108
            ],
            [
              127.2857843,
              38.0807167
            ],
            [
              127.2861327,
              38.0807225
            ],
            [
              127.2861957,
              38.0807138
            ],
            [
              127.2862884,
              38.080848
            ],
            [
              127.286381,
              38.0809501
            ],
            [
              127.2865441,
              38.0810026
            ],
            [
              127.2866331,
              38.081058
            ],
            [
              127.2867443,
              38.0812273
            ],
            [
              127.2867814,
              38.081306
            ],
            [
              127.2869333,
              38.0815365
            ],
            [
              127.2869667,
              38.0817057
            ],
            [
              127.2870631,
              38.0818079
            ],
            [
              127.2873373,
              38.081837
            ],
            [
              127.2874374,
              38.0818633
            ],
            [
              127.2875523,
              38.0822367
            ],
            [
              127.2873633,
              38.0823184
            ],
            [
              127.2863959,
              38.0824731
            ],
            [
              127.2863996,
              38.0826481
            ],
            [
              127.2864478,
              38.0828553
            ],
            [
              127.2865108,
              38.0829807
            ],
            [
              127.2867665,
              38.0833512
            ],
            [
              127.2868888,
              38.083465
            ],
            [
              127.2869296,
              38.0836926
            ],
            [
              127.286837,
              38.083783
            ],
            [
              127.2866471,
              38.0838216
            ],
            [
              127.2864181,
              38.0836955
            ],
            [
              127.2861587,
              38.0835759
            ],
            [
              127.2858362,
              38.0834854
            ],
            [
              127.2856175,
              38.0834563
            ],
            [
              127.2853098,
              38.0834242
            ],
            [
              127.285143,
              38.0834242
            ],
            [
              127.2850986,
              38.0834563
            ],
            [
              127.2852172,
              38.0835525
            ],
            [
              127.2852024,
              38.0836138
            ],
            [
              127.2851319,
              38.0836751
            ],
            [
              127.2850356,
              38.0837684
            ],
            [
              127.2849281,
              38.0838239
            ],
            [
              127.2849704,
              38.083926
            ],
            [
              127.2849592,
              38.0840573
            ],
            [
              127.2849336,
              38.0841903
            ],
            [
              127.2846314,
              38.0846761
            ],
            [
              127.2845776,
              38.0848051
            ],
            [
              127.2845162,
              38.0849704
            ],
            [
              127.2843343,
              38.0851619
            ],
            [
              127.2842549,
              38.0852164
            ],
            [
              127.284109,
              38.0853353
            ],
            [
              127.2840347,
              38.0853756
            ],
            [
              127.2839502,
              38.085422
            ],
            [
              127.2838861,
              38.0854361
            ],
            [
              127.2837939,
              38.0854361
            ],
            [
              127.2836761,
              38.085424
            ],
            [
              127.2835839,
              38.0853696
            ],
            [
              127.2835532,
              38.085301
            ],
            [
              127.2835148,
              38.0851398
            ],
            [
              127.2834687,
              38.08491
            ],
            [
              127.2834764,
              38.0846741
            ],
            [
              127.2834636,
              38.0842349
            ],
            [
              127.2834098,
              38.0840858
            ],
            [
              127.2834303,
              38.0836665
            ],
            [
              127.2833483,
              38.0834467
            ],
            [
              127.2833381,
              38.0831361
            ],
            [
              127.2833637,
              38.0829831
            ],
            [
              127.283397,
              38.0829085
            ],
            [
              127.283397,
              38.0828117
            ],
            [
              127.2833714,
              38.0827492
            ],
            [
              127.2830333,
              38.0822637
            ],
            [
              127.2830128,
              38.082175
            ],
            [
              127.2829437,
              38.0820701
            ],
            [
              127.2828438,
              38.0819734
            ],
            [
              127.2827743,
              38.0817739
            ],
            [
              127.282689,
              38.0816397
            ],
            [
              127.2826742,
              38.0815201
            ],
            [
              127.2826594,
              38.0813246
            ],
            [
              127.282715,
              38.0811641
            ],
            [
              127.2827372,
              38.0809978
            ],
            [
              127.2827335,
              38.0809015
            ],
            [
              127.2827002,
              38.0807761
            ],
            [
              127.2826038,
              38.0806506
            ],
            [
              127.2823666,
              38.0804931
            ],
            [
              127.2821961,
              38.0803939
            ],
            [
              127.2820515,
              38.080461
            ],
            [
              127.2817031,
              38.0803793
            ],
            [
              127.2814473,
              38.0803093
            ],
            [
              127.2812657,
              38.0801955
            ],
            [
              127.2811508,
              38.0800788
            ],
            [
              127.2810656,
              38.079892
            ],
            [
              127.2812888,
              38.0797154
            ]
          ]
        ]
      },
      "id": "way/1291643594"
    },
    {
      "type": "Feature",
      "properties": {
        "@id": "way/1291643601",
        "landuse": "military",
        "name": "제752포병대대"
      },
      "geometry": {
        "type": "Polygon",
        "coordinates": [
          [
            [
              127.2906344,
              38.0743011
            ],
            [
              127.2910568,
              38.0743926
            ],
            [
              127.291881,
              38.0745354
            ],
            [
              127.2919592,
              38.0750487
            ],
            [
              127.2925751,
              38.0756072
            ],
            [
              127.2927807,
              38.075283
            ],
            [
              127.2935406,
              38.075294
            ],
            [
              127.2936277,
              38.0754411
            ],
            [
              127.2935045,
              38.0757178
            ],
            [
              127.2937182,
              38.075822
            ],
            [
              127.293227,
              38.0762328
            ],
            [
              127.2933315,
              38.0763251
            ],
            [
              127.2934045,
              38.0764144
            ],
            [
              127.2936041,
              38.076621
            ],
            [
              127.293566,
              38.0767296
            ],
            [
              127.2936701,
              38.0769449
            ],
            [
              127.2937966,
              38.0769439
            ],
            [
              127.2941934,
              38.0768889
            ],
            [
              127.2942768,
              38.0767471
            ],
            [
              127.2943584,
              38.0767384
            ],
            [
              127.2944362,
              38.0767763
            ],
            [
              127.2945511,
              38.0770885
            ],
            [
              127.2945066,
              38.0771468
            ],
            [
              127.2944955,
              38.0773161
            ],
            [
              127.2944696,
              38.0774649
            ],
            [
              127.2945919,
              38.0775553
            ],
            [
              127.294666,
              38.0775203
            ],
            [
              127.2947698,
              38.0773949
            ],
            [
              127.2948217,
              38.0773307
            ],
            [
              127.2948551,
              38.0774561
            ],
            [
              127.2948365,
              38.0775495
            ],
            [
              127.2947661,
              38.0777479
            ],
            [
              127.2949885,
              38.0781681
            ],
            [
              127.2952183,
              38.0783023
            ],
            [
              127.2953666,
              38.0783752
            ],
            [
              127.295411,
              38.0782789
            ],
            [
              127.2956038,
              38.0780426
            ],
            [
              127.2958373,
              38.0781564
            ],
            [
              127.2958484,
              38.0782381
            ],
            [
              127.2958373,
              38.0783169
            ],
            [
              127.295841,
              38.0784569
            ],
            [
              127.2958632,
              38.0786028
            ],
            [
              127.2958781,
              38.0788654
            ],
            [
              127.2955556,
              38.0789587
            ],
            [
              127.2954926,
              38.0789879
            ],
            [
              127.295285,
              38.0790259
            ],
            [
              127.2952294,
              38.0788858
            ],
            [
              127.2950923,
              38.0788543
            ],
            [
              127.2949551,
              38.0788543
            ],
            [
              127.294755,
              38.0788543
            ],
            [
              127.2946734,
              38.0788981
            ],
            [
              127.2946697,
              38.0789477
            ],
            [
              127.2947216,
              38.0791636
            ],
            [
              127.2947364,
              38.0793679
            ],
            [
              127.2949181,
              38.0800564
            ],
            [
              127.294907,
              38.0802811
            ],
            [
              127.2948995,
              38.080462
            ],
            [
              127.2947735,
              38.0807275
            ],
            [
              127.2945697,
              38.080675
            ],
            [
              127.2945252,
              38.0805758
            ],
            [
              127.2943769,
              38.0804007
            ],
            [
              127.2942657,
              38.0802811
            ],
            [
              127.2940359,
              38.0800798
            ],
            [
              127.2938876,
              38.0799572
            ],
            [
              127.2936727,
              38.0798288
            ],
            [
              127.29358,
              38.0798113
            ],
            [
              127.2935022,
              38.0799076
            ],
            [
              127.2934169,
              38.0800097
            ],
            [
              127.2933391,
              38.0801235
            ],
            [
              127.2932205,
              38.0801644
            ],
            [
              127.2931278,
              38.0801614
            ],
            [
              127.2928424,
              38.0801294
            ],
            [
              127.2924791,
              38.0800477
            ],
            [
              127.2923754,
              38.079966
            ],
            [
              127.2923679,
              38.0798201
            ],
            [
              127.2923568,
              38.0796479
            ],
            [
              127.2923161,
              38.0794116
            ],
            [
              127.2922493,
              38.0786822
            ],
            [
              127.2921752,
              38.0786793
            ],
            [
              127.2921752,
              38.0787318
            ],
            [
              127.2919565,
              38.078761
            ],
            [
              127.2915414,
              38.0787872
            ],
            [
              127.2912337,
              38.078761
            ],
            [
              127.2909928,
              38.0786793
            ],
            [
              127.2909113,
              38.0785217
            ],
            [
              127.2908705,
              38.0783496
            ],
            [
              127.2907704,
              38.0783583
            ],
            [
              127.2902404,
              38.0783554
            ],
            [
              127.2899846,
              38.0783262
            ],
            [
              127.2899475,
              38.0781833
            ],
            [
              127.2896918,
              38.0782212
            ],
            [
              127.2896844,
              38.0780636
            ],
            [
              127.289677,
              38.0778886
            ],
            [
              127.2895695,
              38.0778915
            ],
            [
              127.2893063,
              38.0773138
            ],
            [
              127.2891432,
              38.0770337
            ],
            [
              127.2891506,
              38.0767886
            ],
            [
              127.2903293,
              38.0768382
            ],
            [
              127.290422,
              38.0768615
            ],
            [
              127.2906407,
              38.0769141
            ],
            [
              127.2907519,
              38.0769637
            ],
            [
              127.2907604,
              38.0768328
            ],
            [
              127.2907493,
              38.0767774
            ],
            [
              127.29069,
              38.0767132
            ],
            [
              127.2905529,
              38.0766548
            ],
            [
              127.2903823,
              38.0766257
            ],
            [
              127.287962,
              38.0765965
            ],
            [
              127.2879175,
              38.076579
            ],
            [
              127.2879026,
              38.076544
            ],
            [
              127.2879694,
              38.0762989
            ],
            [
              127.2879657,
              38.0761909
            ],
            [
              127.2878656,
              38.07608
            ],
            [
              127.2877766,
              38.0759575
            ],
            [
              127.2877025,
              38.0758845
            ],
            [
              127.2876506,
              38.0757212
            ],
            [
              127.2876914,
              38.0749304
            ],
            [
              127.2876506,
              38.0748487
            ],
            [
              127.2876321,
              38.0747583
            ],
            [
              127.2877099,
              38.0746737
            ],
            [
              127.2877803,
              38.0746678
            ],
            [
              127.2878767,
              38.074554
            ],
            [
              127.2879879,
              38.0745336
            ],
            [
              127.2897893,
              38.073242
            ],
            [
              127.2899598,
              38.0732069
            ],
            [
              127.2900154,
              38.0731427
            ],
            [
              127.2903416,
              38.0730815
            ],
            [
              127.2902823,
              38.0732916
            ],
            [
              127.2902452,
              38.0733032
            ],
            [
              127.2901748,
              38.0734024
            ],
            [
              127.2900821,
              38.0735221
            ],
            [
              127.290223,
              38.0736475
            ],
            [
              127.2901785,
              38.0739277
            ],
            [
              127.2902415,
              38.0739743
            ],
            [
              127.2902378,
              38.0740823
            ],
            [
              127.290223,
              38.0741844
            ],
            [
              127.2904231,
              38.0742399
            ],
            [
              127.2906344,
              38.0743011
            ]
          ]
        ]
      },
      "id": "way/1291643601"
    },
    {
      "type": "Feature",
      "properties": {
        "@id": "way/1297369648",
        "aeroway": "aerodrome",
        "landuse": "military",
        "military": "airfield",
        "name": "G-224"
      },
      "geometry": {
        "type": "Polygon",
        "coordinates": [
          [
            [
              127.1897518,
              37.9435864
            ],
            [
              127.1911251,
              37.9460527
            ],
            [
              127.1911519,
              37.946205
            ],
            [
              127.1911841,
              37.9466069
            ],
            [
              127.1912753,
              37.9468057
            ],
            [
              127.1914416,
              37.947106
            ],
            [
              127.1913879,
              37.947123
            ],
            [
              127.190889,
              37.9471949
            ],
            [
              127.1905028,
              37.947178
            ],
            [
              127.1903687,
              37.9471272
            ],
            [
              127.1892046,
              37.9437091
            ],
            [
              127.1897518,
              37.9435864
            ]
          ]
        ]
      },
      "id": "way/1297369648"
    },
    {
      "type": "Feature",
      "properties": {
        "@id": "way/1298035155",
        "landuse": "military",
        "military": "training_area"
      },
      "geometry": {
        "type": "Polygon",
        "coordinates": [
          [
            [
              127.2713591,
              38.0556461
            ],
            [
              127.2714182,
              38.0556123
            ],
            [
              127.2718044,
              38.055625
            ],
            [
              127.2722657,
              38.0557179
            ],
            [
              127.2727271,
              38.0557602
            ],
            [
              127.2731401,
              38.0558615
            ],
            [
              127.2736015,
              38.0560558
            ],
            [
              127.2741486,
              38.056077
            ],
            [
              127.274272,
              38.0561023
            ],
            [
              127.2743096,
              38.0561868
            ],
            [
              127.2744598,
              38.0562502
            ],
            [
              127.2745671,
              38.0563473
            ],
            [
              127.274492,
              38.0564698
            ],
            [
              127.2743632,
              38.0565289
            ],
            [
              127.2746422,
              38.0571118
            ],
            [
              127.2747065,
              38.057171
            ],
            [
              127.2747012,
              38.0574751
            ],
            [
              127.2748299,
              38.057889
            ],
            [
              127.2747891,
              38.0580937
            ],
            [
              127.2745122,
              38.0580787
            ],
            [
              127.2732074,
              38.0582347
            ],
            [
              127.272772,
              38.0582368
            ],
            [
              127.2726081,
              38.0581687
            ],
            [
              127.2720137,
              38.0580365
            ],
            [
              127.2717018,
              38.0578682
            ],
            [
              127.2714789,
              38.0578037
            ],
            [
              127.2714991,
              38.0572883
            ],
            [
              127.2714952,
              38.0571616
            ],
            [
              127.2714539,
              38.0569717
            ],
            [
              127.2713749,
              38.0558662
            ],
            [
              127.2713591,
              38.0556461
            ]
          ]
        ]
      },
      "id": "way/1298035155"
    },
    {
      "type": "Feature",
      "properties": {
        "@id": "way/1298035158",
        "landuse": "military",
        "name": "제19전차대대"
      },
      "geometry": {
        "type": "Polygon",
        "coordinates": [
          [
            [
              127.2674021,
              38.058295
            ],
            [
              127.2666028,
              38.0585793
            ],
            [
              127.2660556,
              38.0590524
            ],
            [
              127.2658356,
              38.0590946
            ],
            [
              127.2656694,
              38.0590988
            ],
            [
              127.2654709,
              38.0590608
            ],
            [
              127.2654387,
              38.058989
            ],
            [
              127.265267,
              38.0587525
            ],
            [
              127.2649773,
              38.0585033
            ],
            [
              127.2645965,
              38.0582625
            ],
            [
              127.2641941,
              38.0582963
            ],
            [
              127.2638347,
              38.0581823
            ],
            [
              127.2634538,
              38.0579204
            ],
            [
              127.2633144,
              38.0577219
            ],
            [
              127.2626331,
              38.0576543
            ],
            [
              127.2622576,
              38.0575402
            ],
            [
              127.2620001,
              38.057329
            ],
            [
              127.2622522,
              38.0572741
            ],
            [
              127.2625848,
              38.0570798
            ],
            [
              127.2628477,
              38.0567419
            ],
            [
              127.2630998,
              38.0564969
            ],
            [
              127.2632715,
              38.056328
            ],
            [
              127.2636362,
              38.0561379
            ],
            [
              127.2637811,
              38.0560703
            ],
            [
              127.2639849,
              38.0559774
            ],
            [
              127.2641137,
              38.055762
            ],
            [
              127.2642371,
              38.055762
            ],
            [
              127.265031,
              38.0551284
            ],
            [
              127.265782,
              38.0542738
            ],
            [
              127.2658088,
              38.0541555
            ],
            [
              127.2658839,
              38.0540711
            ],
            [
              127.2660395,
              38.0540415
            ],
            [
              127.2661843,
              38.0541049
            ],
            [
              127.2669514,
              38.0545484
            ],
            [
              127.2671714,
              38.0547047
            ],
            [
              127.2673645,
              38.0547216
            ],
            [
              127.2674825,
              38.0546202
            ],
            [
              127.2677078,
              38.0544977
            ],
            [
              127.2678044,
              38.0543414
            ],
            [
              127.2679546,
              38.054333
            ],
            [
              127.268255,
              38.0544174
            ],
            [
              127.2684964,
              38.0545822
            ],
            [
              127.2687485,
              38.0548356
            ],
            [
              127.2689524,
              38.0550468
            ],
            [
              127.2690275,
              38.0553721
            ],
            [
              127.2690007,
              38.0560352
            ],
            [
              127.2690114,
              38.0564872
            ],
            [
              127.2691348,
              38.0568378
            ],
            [
              127.2693493,
              38.0571124
            ],
            [
              127.269757,
              38.0570912
            ],
            [
              127.2697839,
              38.0572729
            ],
            [
              127.2697409,
              38.0574291
            ],
            [
              127.2696605,
              38.057729
            ],
            [
              127.2695907,
              38.0578938
            ],
            [
              127.2694513,
              38.0580205
            ],
            [
              127.2691777,
              38.0581261
            ],
            [
              127.2686251,
              38.0581725
            ],
            [
              127.2674021,
              38.058295
            ]
          ]
        ]
      },
      "id": "way/1298035158"
    },
    {
      "type": "Feature",
      "properties": {
        "@id": "way/1301238079",
        "landuse": "military",
        "name": "제55탄약대대 552중대"
      },
      "geometry": {
        "type": "Polygon",
        "coordinates": [
          [
            [
              127.2508256,
              37.9891257
            ],
            [
              127.2508041,
              37.98902
            ],
            [
              127.2505466,
              37.988834
            ],
            [
              127.2504018,
              37.9884662
            ],
            [
              127.2502087,
              37.9883689
            ],
            [
              127.2497312,
              37.9877939
            ],
            [
              127.2493879,
              37.9876798
            ],
            [
              127.2490821,
              37.987646
            ],
            [
              127.2489856,
              37.9875741
            ],
            [
              127.2488086,
              37.9874768
            ],
            [
              127.2485511,
              37.9873754
            ],
            [
              127.248315,
              37.9871893
            ],
            [
              127.2484384,
              37.9869145
            ],
            [
              127.2483579,
              37.9868469
            ],
            [
              127.247902,
              37.9863987
            ],
            [
              127.2478215,
              37.9860732
            ],
            [
              127.248197,
              37.9852334
            ],
            [
              127.2483901,
              37.9850136
            ],
            [
              127.2485672,
              37.9845908
            ],
            [
              127.2486798,
              37.9844132
            ],
            [
              127.2488944,
              37.9841976
            ],
            [
              127.2490339,
              37.9840327
            ],
            [
              127.2493182,
              37.9839058
            ],
            [
              127.2497956,
              37.9838297
            ],
            [
              127.2502087,
              37.9838424
            ],
            [
              127.2503911,
              37.9839692
            ],
            [
              127.2506861,
              37.9839819
            ],
            [
              127.2509865,
              37.9840284
            ],
            [
              127.2512118,
              37.9839058
            ],
            [
              127.251582,
              37.9838255
            ],
            [
              127.2518287,
              37.9837536
            ],
            [
              127.2519628,
              37.9837917
            ],
            [
              127.2525268,
              37.983724
            ],
            [
              127.2527682,
              37.9837536
            ],
            [
              127.2529505,
              37.9836268
            ],
            [
              127.2530417,
              37.983631
            ],
            [
              127.2531168,
              37.9837409
            ],
            [
              127.2531007,
              37.9839777
            ],
            [
              127.2532939,
              37.9839862
            ],
            [
              127.2536157,
              37.9843963
            ],
            [
              127.2537177,
              37.9846204
            ],
            [
              127.2539483,
              37.9847684
            ],
            [
              127.2540717,
              37.984929
            ],
            [
              127.2539322,
              37.9852032
            ],
            [
              127.2537069,
              37.985347
            ],
            [
              127.2537606,
              37.9855372
            ],
            [
              127.2535406,
              37.9855964
            ],
            [
              127.2538679,
              37.9862729
            ],
            [
              127.2542541,
              37.9864843
            ],
            [
              127.2542702,
              37.9865435
            ],
            [
              127.2540181,
              37.9873399
            ],
            [
              127.2539805,
              37.9873822
            ],
            [
              127.2539054,
              37.9875979
            ],
            [
              127.2537177,
              37.9878642
            ],
            [
              127.2536426,
              37.9879149
            ],
            [
              127.253605,
              37.9881348
            ],
            [
              127.2533475,
              37.9883969
            ],
            [
              127.2529827,
              37.9885153
            ],
            [
              127.2527735,
              37.9885026
            ],
            [
              127.2524248,
              37.9886379
            ],
            [
              127.2519313,
              37.9886591
            ],
            [
              127.251411,
              37.9885618
            ],
            [
              127.2512554,
              37.9885956
            ],
            [
              127.2509925,
              37.9891453
            ],
            [
              127.2508745,
              37.9893524
            ],
            [
              127.2508852,
              37.9894793
            ],
            [
              127.2521781,
              37.9896949
            ],
            [
              127.2526448,
              37.9896399
            ],
            [
              127.2531061,
              37.9900627
            ],
            [
              127.2532295,
              37.9901599
            ],
            [
              127.2539698,
              37.9905066
            ],
            [
              127.2548013,
              37.9906123
            ],
            [
              127.2549568,
              37.9906969
            ],
            [
              127.2551231,
              37.9913141
            ],
            [
              127.2554074,
              37.9921427
            ],
            [
              127.256314,
              37.9929545
            ],
            [
              127.2553592,
              37.9936943
            ],
            [
              127.2552251,
              37.9936351
            ],
            [
              127.2550909,
              37.993707
            ],
            [
              127.25515,
              37.9938296
            ],
            [
              127.2537445,
              37.9948907
            ],
            [
              127.2535084,
              37.9949456
            ],
            [
              127.2532831,
              37.994916
            ],
            [
              127.2530739,
              37.994785
            ],
            [
              127.2529613,
              37.9947765
            ],
            [
              127.2526877,
              37.9950513
            ],
            [
              127.2522639,
              37.9953092
            ],
            [
              127.2518669,
              37.9953219
            ],
            [
              127.2514861,
              37.9952289
            ],
            [
              127.2511642,
              37.9950217
            ],
            [
              127.2502844,
              37.9952416
            ],
            [
              127.2502469,
              37.994933
            ],
            [
              127.2501128,
              37.9949118
            ],
            [
              127.2501396,
              37.9943496
            ],
            [
              127.2499092,
              37.9943157
            ],
            [
              127.2498019,
              37.9944045
            ],
            [
              127.2495566,
              37.9944563
            ],
            [
              127.2481282,
              37.9945102
            ],
            [
              127.2480585,
              37.9945356
            ],
            [
              127.2480209,
              37.9946666
            ],
            [
              127.2479297,
              37.9947808
            ],
            [
              127.2476991,
              37.9948611
            ],
            [
              127.2474952,
              37.9949414
            ],
            [
              127.2473718,
              37.9949456
            ],
            [
              127.2472753,
              37.9948569
            ],
            [
              127.2467227,
              37.9948526
            ],
            [
              127.2459824,
              37.9946624
            ],
            [
              127.245902,
              37.9945567
            ],
            [
              127.2455962,
              37.994265
            ],
            [
              127.2454245,
              37.9942861
            ],
            [
              127.2452797,
              37.9942143
            ],
            [
              127.24521,
              37.9940959
            ],
            [
              127.2452475,
              37.9939226
            ],
            [
              127.2454406,
              37.9936901
            ],
            [
              127.2455855,
              37.9934406
            ],
            [
              127.245741,
              37.9932757
            ],
            [
              127.2458161,
              37.9927727
            ],
            [
              127.2464009,
              37.9925951
            ],
            [
              127.2466744,
              37.9919046
            ],
            [
              127.2470285,
              37.9913339
            ],
            [
              127.2471358,
              37.9909323
            ],
            [
              127.2473343,
              37.990797
            ],
            [
              127.2476132,
              37.9908096
            ],
            [
              127.2479887,
              37.9905272
            ],
            [
              127.2480156,
              37.990227
            ],
            [
              127.2484608,
              37.9898339
            ],
            [
              127.2487505,
              37.9897366
            ],
            [
              127.248847,
              37.9898381
            ],
            [
              127.2492762,
              37.9899396
            ],
            [
              127.2494049,
              37.9902651
            ],
            [
              127.2497912,
              37.9903708
            ],
            [
              127.2500004,
              37.9904596
            ],
            [
              127.2503598,
              37.9904384
            ],
            [
              127.2504671,
              37.9894956
            ],
            [
              127.2507246,
              37.9895168
            ],
            [
              127.2508256,
              37.9891257
            ]
          ]
        ]
      },
      "id": "way/1301238079"
    },
    {
      "type": "Feature",
      "properties": {
        "@id": "way/1301239188",
        "landuse": "military",
        "name": "제101기계화보병대대"
      },
      "geometry": {
        "type": "Polygon",
        "coordinates": [
          [
            [
              127.1913108,
              37.9299719
            ],
            [
              127.1912912,
              37.9300644
            ],
            [
              127.1912228,
              37.9303576
            ],
            [
              127.1912228,
              37.9306199
            ],
            [
              127.1913157,
              37.9310944
            ],
            [
              127.1911445,
              37.9313182
            ],
            [
              127.1911152,
              37.9315111
            ],
            [
              127.1909733,
              37.9317117
            ],
            [
              127.1908021,
              37.9318158
            ],
            [
              127.1907288,
              37.9318274
            ],
            [
              127.190631,
              37.931731
            ],
            [
              127.1898631,
              37.932001
            ],
            [
              127.1895305,
              37.9316808
            ],
            [
              127.1892468,
              37.9311016
            ],
            [
              127.1884203,
              37.9315111
            ],
            [
              127.1884594,
              37.9315998
            ],
            [
              127.1882687,
              37.9317618
            ],
            [
              127.1879654,
              37.9315921
            ],
            [
              127.1877796,
              37.9314031
            ],
            [
              127.1875359,
              37.9308474
            ],
            [
              127.1872856,
              37.9302766
            ],
            [
              127.1871584,
              37.9301416
            ],
            [
              127.1871193,
              37.9294284
            ],
            [
              127.1871438,
              37.9292934
            ],
            [
              127.1874177,
              37.9291429
            ],
            [
              127.1874012,
              37.9289005
            ],
            [
              127.1884632,
              37.9287706
            ],
            [
              127.1889709,
              37.9287073
            ],
            [
              127.1890308,
              37.9287051
            ],
            [
              127.1889709,
              37.9284138
            ],
            [
              127.189824,
              37.9283521
            ],
            [
              127.1902006,
              37.9282749
            ],
            [
              127.1902886,
              37.9285372
            ],
            [
              127.190362,
              37.9286183
            ],
            [
              127.1906652,
              37.928572
            ],
            [
              127.1907777,
              37.9288073
            ],
            [
              127.1909635,
              37.9289385
            ],
            [
              127.1910271,
              37.9291661
            ],
            [
              127.1909831,
              37.9292509
            ],
            [
              127.1911885,
              37.929737
            ],
            [
              127.1913108,
              37.9299719
            ]
          ]
        ]
      },
      "id": "way/1301239188"
    },
    {
      "type": "Feature",
      "properties": {
        "@id": "way/1303887481",
        "landuse": "military",
        "name": "지상작전사령부 드론봇전투단"
      },
      "geometry": {
        "type": "Polygon",
        "coordinates": [
          [
            [
              127.1389281,
              38.0284618
            ],
            [
              127.1389006,
              38.0288946
            ],
            [
              127.138912,
              38.0295811
            ],
            [
              127.1388971,
              38.0296191
            ],
            [
              127.1387944,
              38.0296692
            ],
            [
              127.1385498,
              38.0297732
            ],
            [
              127.1383053,
              38.029804
            ],
            [
              127.1379874,
              38.0298464
            ],
            [
              127.1378651,
              38.0299465
            ],
            [
              127.1367989,
              38.0300544
            ],
            [
              127.1365446,
              38.0300352
            ],
            [
              127.1364663,
              38.0299465
            ],
            [
              127.1365935,
              38.0291067
            ],
            [
              127.1377498,
              38.027929
            ],
            [
              127.1386595,
              38.0277942
            ],
            [
              127.1386741,
              38.0280639
            ],
            [
              127.1387915,
              38.0280446
            ],
            [
              127.1389285,
              38.0278982
            ],
            [
              127.1390116,
              38.0276786
            ],
            [
              127.1398871,
              38.0261915
            ],
            [
              127.1400876,
              38.0260913
            ],
            [
              127.1404251,
              38.0260258
            ],
            [
              127.1408017,
              38.0261992
            ],
            [
              127.1410071,
              38.0264304
            ],
            [
              127.141346,
              38.026587
            ],
            [
              127.1413743,
              38.0268054
            ],
            [
              127.1413636,
              38.0270758
            ],
            [
              127.1411509,
              38.0271585
            ],
            [
              127.1410843,
              38.0274054
            ],
            [
              127.1411383,
              38.0275491
            ],
            [
              127.1410524,
              38.0278703
            ],
            [
              127.1405927,
              38.0279818
            ],
            [
              127.1399474,
              38.0283858
            ],
            [
              127.1391105,
              38.0283266
            ],
            [
              127.1389281,
              38.0284618
            ]
          ]
        ]
      },
      "id": "way/1303887481"
    },
    {
      "type": "Feature",
      "properties": {
        "@id": "way/1303887482",
        "landuse": "military"
      },
      "geometry": {
        "type": "Polygon",
        "coordinates": [
          [
            [
              127.1416747,
              38.0319436
            ],
            [
              127.1416286,
              38.0321337
            ],
            [
              127.1414819,
              38.0320837
            ],
            [
              127.1413841,
              38.0325305
            ],
            [
              127.1410955,
              38.0327848
            ],
            [
              127.1407678,
              38.0330814
            ],
            [
              127.1405575,
              38.0331777
            ],
            [
              127.1405478,
              38.0336207
            ],
            [
              127.1404059,
              38.0337594
            ],
            [
              127.1401125,
              38.0337902
            ],
            [
              127.1396723,
              38.0336785
            ],
            [
              127.1395397,
              38.0333626
            ],
            [
              127.1395397,
              38.0331623
            ],
            [
              127.1391778,
              38.0328618
            ],
            [
              127.1388794,
              38.0326191
            ],
            [
              127.1388794,
              38.0325228
            ],
            [
              127.1387914,
              38.0323649
            ],
            [
              127.1385762,
              38.0322917
            ],
            [
              127.1383121,
              38.0322686
            ],
            [
              127.1381703,
              38.0321954
            ],
            [
              127.1376469,
              38.0320182
            ],
            [
              127.1376078,
              38.0318679
            ],
            [
              127.1373828,
              38.0317408
            ],
            [
              127.1370356,
              38.0313284
            ],
            [
              127.1368399,
              38.0310048
            ],
            [
              127.1367274,
              38.0308777
            ],
            [
              127.1367666,
              38.0307968
            ],
            [
              127.1368693,
              38.0307698
            ],
            [
              127.1376763,
              38.0301825
            ],
            [
              127.1377937,
              38.0300284
            ],
            [
              127.1378651,
              38.0299465
            ],
            [
              127.1379874,
              38.0298464
            ],
            [
              127.1383053,
              38.029804
            ],
            [
              127.1385498,
              38.0297732
            ],
            [
              127.1387944,
              38.0296692
            ],
            [
              127.1388971,
              38.0296191
            ],
            [
              127.138912,
              38.0295811
            ],
            [
              127.1395356,
              38.0296531
            ],
            [
              127.1396543,
              38.0297989
            ],
            [
              127.1400132,
              38.0297275
            ],
            [
              127.1399508,
              38.0305668
            ],
            [
              127.1398332,
              38.0311127
            ],
            [
              127.1406984,
              38.0314957
            ],
            [
              127.1411383,
              38.0318084
            ],
            [
              127.1415245,
              38.0319605
            ],
            [
              127.1416747,
              38.0319436
            ]
          ]
        ]
      },
      "id": "way/1303887482"
    },
    {
      "type": "Feature",
      "properties": {
        "@id": "way/1303887486",
        "landuse": "military"
      },
      "geometry": {
        "type": "Polygon",
        "coordinates": [
          [
            [
              127.1434453,
              38.0383713
            ],
            [
              127.143423,
              38.0379683
            ],
            [
              127.1435491,
              38.0374892
            ],
            [
              127.1437865,
              38.0370219
            ],
            [
              127.1443057,
              38.0364902
            ],
            [
              127.1450697,
              38.0370744
            ],
            [
              127.1450845,
              38.0372205
            ],
            [
              127.1449955,
              38.0373315
            ],
            [
              127.1448694,
              38.0374892
            ],
            [
              127.1447952,
              38.0376177
            ],
            [
              127.1447433,
              38.0378981
            ],
            [
              127.1447211,
              38.0379624
            ],
            [
              127.1447062,
              38.0380325
            ],
            [
              127.1441944,
              38.0385174
            ],
            [
              127.1437123,
              38.0384999
            ],
            [
              127.1434453,
              38.0383713
            ]
          ]
        ]
      },
      "id": "way/1303887486"
    },
    {
      "type": "Feature",
      "properties": {
        "@id": "way/1303887487",
        "landuse": "military"
      },
      "geometry": {
        "type": "Polygon",
        "coordinates": [
          [
            [
              127.1442798,
              38.0359479
            ],
            [
              127.1438941,
              38.0353461
            ],
            [
              127.1441463,
              38.0352234
            ],
            [
              127.1437754,
              38.0347853
            ],
            [
              127.1441166,
              38.0346451
            ],
            [
              127.1441166,
              38.0345866
            ],
            [
              127.1436716,
              38.0338797
            ],
            [
              127.1445097,
              38.0335117
            ],
            [
              127.1454221,
              38.034908
            ],
            [
              127.1453627,
              38.0349605
            ],
            [
              127.1455036,
              38.0351358
            ],
            [
              127.1457262,
              38.03513
            ],
            [
              127.1458968,
              38.0354396
            ],
            [
              127.1457113,
              38.0355097
            ],
            [
              127.1455927,
              38.0355915
            ],
            [
              127.1453998,
              38.0356499
            ],
            [
              127.1453256,
              38.0356382
            ],
            [
              127.144977,
              38.0357726
            ],
            [
              127.1449177,
              38.035907
            ],
            [
              127.1446432,
              38.0360063
            ],
            [
              127.1442798,
              38.0359479
            ]
          ]
        ]
      },
      "id": "way/1303887487"
    },
    {
      "type": "Feature",
      "properties": {
        "@id": "way/1303887488",
        "landuse": "military",
        "military": "training_area",
        "name": "다락대 훈련장"
      },
      "geometry": {
        "type": "Polygon",
        "coordinates": [
          [
            [
              127.1508052,
              38.0575234
            ],
            [
              127.1497082,
              38.0573005
            ],
            [
              127.1484183,
              38.057102
            ],
            [
              127.1474991,
              38.0574989
            ],
            [
              127.1467429,
              38.058141
            ],
            [
              127.1460016,
              38.0597403
            ],
            [
              127.1455838,
              38.0615043
            ],
            [
              127.1457941,
              38.0627988
            ],
            [
              127.1462191,
              38.0641252
            ],
            [
              127.1470288,
              38.0661396
            ],
            [
              127.147292,
              38.0676284
            ],
            [
              127.1474264,
              38.0689654
            ],
            [
              127.1472403,
              38.0695532
            ],
            [
              127.1465725,
              38.0701409
            ],
            [
              127.1451662,
              38.0712955
            ],
            [
              127.1438143,
              38.0727616
            ],
            [
              127.1430452,
              38.0729584
            ],
            [
              127.1419852,
              38.072724
            ],
            [
              127.1411015,
              38.0719971
            ],
            [
              127.1391304,
              38.0700271
            ],
            [
              127.1386507,
              38.0689698
            ],
            [
              127.1388174,
              38.0681165
            ],
            [
              127.1389778,
              38.0677096
            ],
            [
              127.1390593,
              38.0665713
            ],
            [
              127.1383324,
              38.0639972
            ],
            [
              127.1356484,
              38.0607871
            ],
            [
              127.1331638,
              38.0596739
            ],
            [
              127.1316886,
              38.0590287
            ],
            [
              127.1302237,
              38.0585689
            ],
            [
              127.129691,
              38.0593997
            ],
            [
              127.128892,
              38.0598921
            ],
            [
              127.1264753,
              38.0588531
            ],
            [
              127.1228577,
              38.0588064
            ],
            [
              127.119329,
              38.0590633
            ],
            [
              127.1183208,
              38.0593434
            ],
            [
              127.1168382,
              38.0590983
            ],
            [
              127.11626,
              38.0583278
            ],
            [
              127.1157559,
              38.0573005
            ],
            [
              127.1148366,
              38.0559813
            ],
            [
              127.1147773,
              38.0553626
            ],
            [
              127.1144808,
              38.0543936
            ],
            [
              127.1136209,
              38.0531093
            ],
            [
              127.1133688,
              38.0522639
            ],
            [
              127.112761,
              38.0516568
            ],
            [
              127.112672,
              38.0509797
            ],
            [
              127.1128796,
              38.0504776
            ],
            [
              127.1134726,
              38.0497304
            ],
            [
              127.1140064,
              38.0490766
            ],
            [
              127.1149108,
              38.0479207
            ],
            [
              127.1157411,
              38.0464963
            ],
            [
              127.11653,
              38.0461608
            ],
            [
              127.1172861,
              38.0457639
            ],
            [
              127.1180126,
              38.0450049
            ],
            [
              127.1188132,
              38.043358
            ],
            [
              127.1184722,
              38.0422137
            ],
            [
              127.1177754,
              38.041408
            ],
            [
              127.1172713,
              38.040579
            ],
            [
              127.117553,
              38.039493
            ],
            [
              127.1184426,
              38.0396798
            ],
            [
              127.1197473,
              38.0395514
            ],
            [
              127.1212447,
              38.0395864
            ],
            [
              127.1229498,
              38.0393062
            ],
            [
              127.1236125,
              38.0388274
            ],
            [
              127.1239238,
              38.0385355
            ],
            [
              127.1252879,
              38.0377881
            ],
            [
              127.1273377,
              38.0375429
            ],
            [
              127.1293392,
              38.0379867
            ],
            [
              127.1308515,
              38.0385705
            ],
            [
              127.1329124,
              38.0394463
            ],
            [
              127.1343357,
              38.0398083
            ],
            [
              127.1358628,
              38.0392128
            ],
            [
              127.1370934,
              38.0386406
            ],
            [
              127.1383536,
              38.0392244
            ],
            [
              127.1395694,
              38.0400068
            ],
            [
              127.1399549,
              38.0404972
            ],
            [
              127.1401476,
              38.0410694
            ],
            [
              127.1401179,
              38.0417233
            ],
            [
              127.1402514,
              38.0422721
            ],
            [
              127.1406962,
              38.0426224
            ],
            [
              127.1416302,
              38.0428442
            ],
            [
              127.1423122,
              38.0429376
            ],
            [
              127.1431425,
              38.0427858
            ],
            [
              127.1430653,
              38.04078
            ],
            [
              127.1432189,
              38.0405299
            ],
            [
              127.1433214,
              38.0399684
            ],
            [
              127.1434033,
              38.0396296
            ],
            [
              127.1436902,
              38.0388631
            ],
            [
              127.1446429,
              38.0385565
            ],
            [
              127.1450527,
              38.0381772
            ],
            [
              127.1451961,
              38.0374349
            ],
            [
              127.1455546,
              38.0370799
            ],
            [
              127.1447556,
              38.0365877
            ],
            [
              127.14494,
              38.0363941
            ],
            [
              127.1453805,
              38.03591
            ],
            [
              127.1459952,
              38.0357002
            ],
            [
              127.1466707,
              38.0354197
            ],
            [
              127.1479582,
              38.0358423
            ],
            [
              127.1512197,
              38.0365521
            ],
            [
              127.1570992,
              38.0365014
            ],
            [
              127.1619349,
              38.0384111
            ],
            [
              127.1720414,
              38.0411827
            ],
            [
              127.1718054,
              38.0447314
            ],
            [
              127.1695309,
              38.0501933
            ],
            [
              127.1680288,
              38.055803
            ],
            [
              127.1674924,
              38.0585421
            ],
            [
              127.1663766,
              38.0603837
            ],
            [
              127.1654645,
              38.0609858
            ],
            [
              127.1631806,
              38.0611081
            ],
            [
              127.1622951,
              38.06194
            ],
            [
              127.1608502,
              38.062417
            ],
            [
              127.159048,
              38.0628818
            ],
            [
              127.1576808,
              38.063151
            ],
            [
              127.1563912,
              38.0629308
            ],
            [
              127.1558164,
              38.0622335
            ],
            [
              127.155195,
              38.0612427
            ],
            [
              127.1546667,
              38.0601662
            ],
            [
              127.1540763,
              38.0595913
            ],
            [
              127.153517,
              38.0593099
            ],
            [
              127.1529577,
              38.058894
            ],
            [
              127.1520566,
              38.058209
            ],
            [
              127.1508052,
              38.0575234
            ]
          ]
        ]
      },
      "id": "way/1303887488"
    },
    {
      "type": "Feature",
      "properties": {
        "@id": "way/1315472457",
        "landuse": "military",
        "military": "range"
      },
      "geometry": {
        "type": "Polygon",
        "coordinates": [
          [
            [
              127.2841547,
              37.9472459
            ],
            [
              127.2830806,
              37.9469808
            ],
            [
              127.2838308,
              37.9454676
            ],
            [
              127.2842938,
              37.9445338
            ],
            [
              127.2853783,
              37.9448816
            ],
            [
              127.2841547,
              37.9472459
            ]
          ]
        ]
      },
      "id": "way/1315472457"
    },
    {
      "type": "Feature",
      "properties": {
        "@id": "way/1315472463",
        "landuse": "military",
        "name": "제137기계화보병대대"
      },
      "geometry": {
        "type": "Polygon",
        "coordinates": [
          [
            [
              127.285509,
              37.942856
            ],
            [
              127.2854343,
              37.9433422
            ],
            [
              127.2852475,
              37.9439388
            ],
            [
              127.2852475,
              37.9442776
            ],
            [
              127.2853783,
              37.9448816
            ],
            [
              127.2842938,
              37.9445338
            ],
            [
              127.2838308,
              37.9454676
            ],
            [
              127.2835756,
              37.9455077
            ],
            [
              127.2832114,
              37.9457139
            ],
            [
              127.2828284,
              37.9461116
            ],
            [
              127.2824548,
              37.9462958
            ],
            [
              127.2821466,
              37.9461927
            ],
            [
              127.2821746,
              37.9457581
            ],
            [
              127.2821746,
              37.9455224
            ],
            [
              127.2823241,
              37.9451615
            ],
            [
              127.282268,
              37.9448153
            ],
            [
              127.2823147,
              37.9444397
            ],
            [
              127.282184,
              37.9440567
            ],
            [
              127.2820532,
              37.9435484
            ],
            [
              127.2818571,
              37.9426351
            ],
            [
              127.2818944,
              37.9424657
            ],
            [
              127.2820906,
              37.9423478
            ],
            [
              127.2820719,
              37.9422594
            ],
            [
              127.2820065,
              37.9421784
            ],
            [
              127.2820065,
              37.9418764
            ],
            [
              127.2822213,
              37.9417585
            ],
            [
              127.2822587,
              37.9416996
            ],
            [
              127.2822494,
              37.9415523
            ],
            [
              127.2822027,
              37.9413829
            ],
            [
              127.2821279,
              37.9410441
            ],
            [
              127.2822307,
              37.9407862
            ],
            [
              127.2824829,
              37.9406316
            ],
            [
              127.2828751,
              37.9405284
            ],
            [
              127.2834916,
              37.9404621
            ],
            [
              127.2839679,
              37.9404548
            ],
            [
              127.2842388,
              37.9404106
            ],
            [
              127.2844349,
              37.9405358
            ],
            [
              127.2847151,
              37.9408746
            ],
            [
              127.2847245,
              37.9412061
            ],
            [
              127.2848179,
              37.9415818
            ],
            [
              127.2848739,
              37.9418617
            ],
            [
              127.2848832,
              37.9421489
            ],
            [
              127.2848832,
              37.9422815
            ],
            [
              127.2850981,
              37.9424362
            ],
            [
              127.2851074,
              37.9427456
            ],
            [
              127.285509,
              37.942856
            ]
          ]
        ]
      },
      "id": "way/1315472463"
    },
    {
      "type": "Feature",
      "properties": {
        "@id": "way/1315475267",
        "landuse": "military",
        "name": "제1기갑기계화보병여단"
      },
      "geometry": {
        "type": "Polygon",
        "coordinates": [
          [
            [
              127.1907977,
              37.9377105
            ],
            [
              127.1888902,
              37.9379752
            ],
            [
              127.1889179,
              37.9381399
            ],
            [
              127.1887682,
              37.9381867
            ],
            [
              127.1884622,
              37.9382357
            ],
            [
              127.1884085,
              37.9379165
            ],
            [
              127.1883678,
              37.937583
            ],
            [
              127.1883597,
              37.9373778
            ],
            [
              127.1884004,
              37.9372175
            ],
            [
              127.1884857,
              37.9371726
            ],
            [
              127.1884681,
              37.9371066
            ],
            [
              127.1883901,
              37.9370746
            ],
            [
              127.1882662,
              37.9369097
            ],
            [
              127.1879938,
              37.9358361
            ],
            [
              127.1876848,
              37.9348325
            ],
            [
              127.1877661,
              37.9347427
            ],
            [
              127.187758,
              37.9345952
            ],
            [
              127.1876808,
              37.9345568
            ],
            [
              127.1875588,
              37.9342746
            ],
            [
              127.1874002,
              37.9334665
            ],
            [
              127.1873515,
              37.9330016
            ],
            [
              127.1877743,
              37.9329246
            ],
            [
              127.1879735,
              37.9328797
            ],
            [
              127.1880304,
              37.9328156
            ],
            [
              127.1882174,
              37.9327996
            ],
            [
              127.1882784,
              37.93279
            ],
            [
              127.1882784,
              37.932713
            ],
            [
              127.1887541,
              37.9325174
            ],
            [
              127.1890224,
              37.932418
            ],
            [
              127.1893232,
              37.932418
            ],
            [
              127.1895224,
              37.9324148
            ],
            [
              127.1896363,
              37.9323988
            ],
            [
              127.1896932,
              37.9322994
            ],
            [
              127.1897826,
              37.9322096
            ],
            [
              127.1898477,
              37.9321679
            ],
            [
              127.1899412,
              37.9321871
            ],
            [
              127.1900184,
              37.9322577
            ],
            [
              127.190368,
              37.9329695
            ],
            [
              127.1904819,
              37.9331138
            ],
            [
              127.190616,
              37.9332164
            ],
            [
              127.1906445,
              37.9333158
            ],
            [
              127.1906567,
              37.9334601
            ],
            [
              127.1907177,
              37.9336012
            ],
            [
              127.1907583,
              37.9339155
            ],
            [
              127.190677,
              37.9340533
            ],
            [
              127.1906567,
              37.934188
            ],
            [
              127.1907095,
              37.9343323
            ],
            [
              127.1907014,
              37.9344285
            ],
            [
              127.1906079,
              37.9345311
            ],
            [
              127.1905144,
              37.9345952
            ],
            [
              127.1904046,
              37.9346946
            ],
            [
              127.1904941,
              37.9347588
            ],
            [
              127.1905835,
              37.9351692
            ],
            [
              127.1905632,
              37.9352975
            ],
            [
              127.1907339,
              37.9355572
            ],
            [
              127.1908478,
              37.935719
            ],
            [
              127.1915552,
              37.9375627
            ],
            [
              127.1914629,
              37.937641
            ],
            [
              127.1907977,
              37.9377105
            ]
          ]
        ]
      },
      "id": "way/1315475267"
    },
    {
      "type": "Feature",
      "properties": {
        "@id": "way/1315475274",
        "landuse": "military",
        "military": "range"
      },
      "geometry": {
        "type": "Polygon",
        "coordinates": [
          [
            [
              127.1949799,
              37.9368397
            ],
            [
              127.1942888,
              37.9362016
            ],
            [
              127.1965167,
              37.9345888
            ],
            [
              127.1972322,
              37.9351852
            ],
            [
              127.1949799,
              37.9368397
            ]
          ]
        ]
      },
      "id": "way/1315475274"
    },
    {
      "type": "Feature",
      "properties": {
        "@id": "way/1317852688",
        "landuse": "military",
        "name": "제16기계화보병여단"
      },
      "geometry": {
        "type": "Polygon",
        "coordinates": [
          [
            [
              127.2933617,
              37.9558905
            ],
            [
              127.29309,
              37.9560619
            ],
            [
              127.2924223,
              37.955866
            ],
            [
              127.2922359,
              37.9557068
            ],
            [
              127.2924922,
              37.9553579
            ],
            [
              127.2930977,
              37.9550886
            ],
            [
              127.2934083,
              37.9550886
            ],
            [
              127.2935558,
              37.9548008
            ],
            [
              127.2937965,
              37.9546294
            ],
            [
              127.2942235,
              37.9545009
            ],
            [
              127.2943089,
              37.9544764
            ],
            [
              127.2945593,
              37.9545108
            ],
            [
              127.2950421,
              37.9544643
            ],
            [
              127.2952781,
              37.9542021
            ],
            [
              127.2953908,
              37.9541217
            ],
            [
              127.2965871,
              37.9541471
            ],
            [
              127.2969089,
              37.9541048
            ],
            [
              127.2967533,
              37.9538975
            ],
            [
              127.2968285,
              37.9537241
            ],
            [
              127.297558,
              37.9535168
            ],
            [
              127.2980945,
              37.9534069
            ],
            [
              127.2985022,
              37.9532969
            ],
            [
              127.299103,
              37.9532419
            ],
            [
              127.2994356,
              37.9533053
            ],
            [
              127.2995965,
              37.9533942
            ],
            [
              127.3001061,
              37.9533223
            ],
            [
              127.3001222,
              37.9534195
            ],
            [
              127.2999632,
              37.9536552
            ],
            [
              127.299894,
              37.9537905
            ],
            [
              127.3000861,
              37.9538127
            ],
            [
              127.3002756,
              37.9538592
            ],
            [
              127.3003064,
              37.9539763
            ],
            [
              127.3004267,
              37.9540402
            ],
            [
              127.3006046,
              37.9542506
            ],
            [
              127.3007381,
              37.9544026
            ],
            [
              127.3008715,
              37.9545984
            ],
            [
              127.3012385,
              37.9546978
            ],
            [
              127.3014534,
              37.9548527
            ],
            [
              127.3016314,
              37.9549667
            ],
            [
              127.3017574,
              37.9550777
            ],
            [
              127.3017463,
              37.9551947
            ],
            [
              127.3016833,
              37.9552122
            ],
            [
              127.3014572,
              37.9552736
            ],
            [
              127.3012014,
              37.9554372
            ],
            [
              127.301042,
              37.9555278
            ],
            [
              127.3008159,
              37.9558785
            ],
            [
              127.3007381,
              37.956089
            ],
            [
              127.3006009,
              37.9561211
            ],
            [
              127.3003526,
              37.9561328
            ],
            [
              127.3000598,
              37.9562848
            ],
            [
              127.2998893,
              37.9564572
            ],
            [
              127.2997558,
              37.9565244
            ],
            [
              127.2994334,
              37.9566004
            ],
            [
              127.2992295,
              37.9566209
            ],
            [
              127.299083,
              37.9566473
            ],
            [
              127.2986109,
              37.9567316
            ],
            [
              127.2983992,
              37.9569832
            ],
            [
              127.2980842,
              37.957597
            ],
            [
              127.29801,
              37.9576876
            ],
            [
              127.297973,
              37.9578045
            ],
            [
              127.2977839,
              37.9581785
            ],
            [
              127.2977209,
              37.9582048
            ],
            [
              127.2967164,
              37.9579681
            ],
            [
              127.2966052,
              37.9579301
            ],
            [
              127.2964496,
              37.9578308
            ],
            [
              127.2963272,
              37.9575823
            ],
            [
              127.2962754,
              37.9575034
            ],
            [
              127.2958936,
              37.9572521
            ],
            [
              127.2957564,
              37.9569394
            ],
            [
              127.2954488,
              37.956878
            ],
            [
              127.2948038,
              37.9566384
            ],
            [
              127.2935214,
              37.9561328
            ],
            [
              127.2933617,
              37.9558905
            ]
          ]
        ]
      },
      "id": "way/1317852688"
    },
    {
      "type": "Feature",
      "properties": {
        "@id": "way/1318763239",
        "landuse": "military",
        "name": "제6군단 사령부(해체)"
      },
      "geometry": {
        "type": "Polygon",
        "coordinates": [
          [
            [
              127.1763869,
              37.8752487
            ],
            [
              127.1765796,
              37.8750439
            ],
            [
              127.1770985,
              37.874605
            ],
            [
              127.1781438,
              37.8736805
            ],
            [
              127.1789741,
              37.8729782
            ],
            [
              127.1814204,
              37.8713748
            ],
            [
              127.1818949,
              37.8715738
            ],
            [
              127.1828215,
              37.8722234
            ],
            [
              127.1829475,
              37.8724165
            ],
            [
              127.1829179,
              37.8727149
            ],
            [
              127.18274,
              37.8730602
            ],
            [
              127.1824434,
              37.8732357
            ],
            [
              127.1821543,
              37.8738736
            ],
            [
              127.1817392,
              37.8743358
            ],
            [
              127.1813018,
              37.8749327
            ],
            [
              127.1808867,
              37.8750731
            ],
            [
              127.18082,
              37.8751317
            ],
            [
              127.1802936,
              37.8755354
            ],
            [
              127.1799526,
              37.8752604
            ],
            [
              127.1798043,
              37.8753482
            ],
            [
              127.179619,
              37.8754711
            ],
            [
              127.1794337,
              37.8754711
            ],
            [
              127.179152,
              37.8754886
            ],
            [
              127.1785589,
              37.8754652
            ],
            [
              127.1781957,
              37.8754359
            ],
            [
              127.1779436,
              37.8755003
            ],
            [
              127.1776175,
              37.8754476
            ],
            [
              127.1770911,
              37.8753365
            ],
            [
              127.1767205,
              37.8753482
            ],
            [
              127.1763869,
              37.8752487
            ]
          ]
        ]
      },
      "id": "way/1318763239"
    },
    {
      "type": "Feature",
      "properties": {
        "@id": "way/1319751742",
        "landuse": "military",
        "name": "제8포병단"
      },
      "geometry": {
        "type": "Polygon",
        "coordinates": [
          [
            [
              127.2170177,
              37.7914433
            ],
            [
              127.2170423,
              37.7917257
            ],
            [
              127.2171039,
              37.7920763
            ],
            [
              127.2167219,
              37.7922614
            ],
            [
              127.2164353,
              37.792123
            ],
            [
              127.2162989,
              37.7919295
            ],
            [
              127.2160149,
              37.7917171
            ],
            [
              127.2157353,
              37.7916306
            ],
            [
              127.215169,
              37.7917842
            ],
            [
              127.2149689,
              37.791833
            ],
            [
              127.2147382,
              37.7920577
            ],
            [
              127.2144057,
              37.7920195
            ],
            [
              127.2141911,
              37.7919729
            ],
            [
              127.213955,
              37.7920407
            ],
            [
              127.2138048,
              37.7920195
            ],
            [
              127.2135956,
              37.7920068
            ],
            [
              127.2136117,
              37.7915956
            ],
            [
              127.2133542,
              37.7915574
            ],
            [
              127.2135205,
              37.7911378
            ],
            [
              127.214588,
              37.7892892
            ],
            [
              127.215044,
              37.7889034
            ],
            [
              127.2154732,
              37.7886067
            ],
            [
              127.2159882,
              37.7883269
            ],
            [
              127.2162296,
              37.7881361
            ],
            [
              127.2165139,
              37.7879623
            ],
            [
              127.2167231,
              37.7881191
            ],
            [
              127.2170181,
              37.788064
            ],
            [
              127.2174151,
              37.7881318
            ],
            [
              127.2183056,
              37.788454
            ],
            [
              127.2187562,
              37.7887508
            ],
            [
              127.2192122,
              37.7888525
            ],
            [
              127.2194267,
              37.7890603
            ],
            [
              127.2196789,
              37.7895266
            ],
            [
              127.219872,
              37.7898827
            ],
            [
              127.2188796,
              37.790472
            ],
            [
              127.2178711,
              37.7909383
            ],
            [
              127.2171779,
              37.7912193
            ],
            [
              127.2170177,
              37.7914433
            ]
          ]
        ]
      },
      "id": "way/1319751742"
    },
    {
      "type": "Feature",
      "properties": {
        "@id": "way/1320081320",
        "landuse": "military",
        "name": "제5포병여단 사령부"
      },
      "geometry": {
        "type": "Polygon",
        "coordinates": [
          [
            [
              127.3740388,
              38.0246783
            ],
            [
              127.3737126,
              38.024433
            ],
            [
              127.3735792,
              38.0243804
            ],
            [
              127.3736236,
              38.024322
            ],
            [
              127.3735569,
              38.0241761
            ],
            [
              127.3734902,
              38.0240359
            ],
            [
              127.3733642,
              38.0239541
            ],
            [
              127.3733419,
              38.023849
            ],
            [
              127.3733419,
              38.0237848
            ],
            [
              127.3727341,
              38.0238081
            ],
            [
              127.3723931,
              38.0238373
            ],
            [
              127.3723412,
              38.0239191
            ],
            [
              127.3720076,
              38.0239191
            ],
            [
              127.3718,
              38.0238957
            ],
            [
              127.3717036,
              38.0238023
            ],
            [
              127.3716147,
              38.0237439
            ],
            [
              127.3715924,
              38.023668
            ],
            [
              127.371459,
              38.0236154
            ],
            [
              127.3712811,
              38.0235103
            ],
            [
              127.3707473,
              38.0227862
            ],
            [
              127.3706584,
              38.0227219
            ],
            [
              127.3705175,
              38.0227336
            ],
            [
              127.3703236,
              38.0224385
            ],
            [
              127.3702741,
              38.0221486
            ],
            [
              127.3701573,
              38.021998
            ],
            [
              127.3701042,
              38.0219283
            ],
            [
              127.3700334,
              38.0217164
            ],
            [
              127.3700087,
              38.0216021
            ],
            [
              127.3700936,
              38.021432
            ],
            [
              127.3699662,
              38.0212725
            ],
            [
              127.3698175,
              38.0212167
            ],
            [
              127.3695273,
              38.021108
            ],
            [
              127.3693858,
              38.0210383
            ],
            [
              127.369361,
              38.0207539
            ],
            [
              127.3698317,
              38.0205587
            ],
            [
              127.37049,
              38.0205699
            ],
            [
              127.3754538,
              38.0208961
            ],
            [
              127.3758233,
              38.0206822
            ],
            [
              127.3760539,
              38.0204466
            ],
            [
              127.376436,
              38.0204751
            ],
            [
              127.3767152,
              38.0204804
            ],
            [
              127.377234,
              38.0206786
            ],
            [
              127.3776401,
              38.0207623
            ],
            [
              127.3780194,
              38.0207697
            ],
            [
              127.3782754,
              38.0208342
            ],
            [
              127.3785804,
              38.0209108
            ],
            [
              127.3789295,
              38.0209072
            ],
            [
              127.3795496,
              38.0209219
            ],
            [
              127.3797706,
              38.0209873
            ],
            [
              127.3804978,
              38.0209156
            ],
            [
              127.380689,
              38.0208654
            ],
            [
              127.381004,
              38.0212809
            ],
            [
              127.380604,
              38.021621
            ],
            [
              127.3804306,
              38.0217939
            ],
            [
              127.3804306,
              38.0221981
            ],
            [
              127.3803386,
              38.0224769
            ],
            [
              127.3804412,
              38.0227111
            ],
            [
              127.3802713,
              38.0232715
            ],
            [
              127.3801121,
              38.0234611
            ],
            [
              127.3795493,
              38.0235949
            ],
            [
              127.3792804,
              38.0235921
            ],
            [
              127.379153,
              38.023581
            ],
            [
              127.378792,
              38.0236618
            ],
            [
              127.3787778,
              38.0237064
            ],
            [
              127.3789052,
              38.0239434
            ],
            [
              127.3788592,
              38.0241441
            ],
            [
              127.3789795,
              38.0243031
            ],
            [
              127.379068,
              38.0244926
            ],
            [
              127.3789866,
              38.0247686
            ],
            [
              127.3789087,
              38.0249861
            ],
            [
              127.3788415,
              38.0251618
            ],
            [
              127.3788026,
              38.0253653
            ],
            [
              127.3788238,
              38.0254879
            ],
            [
              127.3788309,
              38.0256385
            ],
            [
              127.3785584,
              38.0258225
            ],
            [
              127.3778611,
              38.0259724
            ],
            [
              127.377624,
              38.0260031
            ],
            [
              127.377309,
              38.0261174
            ],
            [
              127.3770259,
              38.0261871
            ],
            [
              127.3766649,
              38.0262986
            ],
            [
              127.3763322,
              38.0264074
            ],
            [
              127.3760703,
              38.0265021
            ],
            [
              127.3759394,
              38.0265579
            ],
            [
              127.3755394,
              38.0264157
            ],
            [
              127.3752811,
              38.0262875
            ],
            [
              127.3752386,
              38.025833
            ],
            [
              127.3750298,
              38.0256295
            ],
            [
              127.3748104,
              38.0255626
            ],
            [
              127.374821,
              38.0251026
            ],
            [
              127.3748776,
              38.0247429
            ],
            [
              127.3745131,
              38.024676
            ],
            [
              127.3740388,
              38.0246783
            ]
          ]
        ]
      },
      "id": "way/1320081320"
    },
    {
      "type": "Feature",
      "properties": {
        "@id": "way/1320081340",
        "landuse": "military",
        "name": "제5공병여단"
      },
      "geometry": {
        "type": "Polygon",
        "coordinates": [
          [
            [
              127.3657607,
              38.006399
            ],
            [
              127.3656282,
              38.006478
            ],
            [
              127.3655574,
              38.0066397
            ],
            [
              127.3656494,
              38.006754
            ],
            [
              127.3655362,
              38.0068238
            ],
            [
              127.3653946,
              38.0068963
            ],
            [
              127.3651893,
              38.0070385
            ],
            [
              127.3648814,
              38.0071194
            ],
            [
              127.3646549,
              38.0072281
            ],
            [
              127.3645523,
              38.0072393
            ],
            [
              127.3643824,
              38.0070608
            ],
            [
              127.3643718,
              38.0069716
            ],
            [
              127.3644319,
              38.0067903
            ],
            [
              127.3642727,
              38.0065756
            ],
            [
              127.3641382,
              38.0064724
            ],
            [
              127.3639612,
              38.0063859
            ],
            [
              127.3637737,
              38.0063441
            ],
            [
              127.3635684,
              38.0064082
            ],
            [
              127.3634303,
              38.0064361
            ],
            [
              127.3633914,
              38.0065086
            ],
            [
              127.3633313,
              38.0065142
            ],
            [
              127.3632463,
              38.0065058
            ],
            [
              127.3631118,
              38.0065114
            ],
            [
              127.3628924,
              38.0065282
            ],
            [
              127.3626694,
              38.0065254
            ],
            [
              127.3625951,
              38.006478
            ],
            [
              127.3623898,
              38.0064612
            ],
            [
              127.3623084,
              38.0065254
            ],
            [
              127.3622483,
              38.0065142
            ],
            [
              127.3620642,
              38.0065951
            ],
            [
              127.3619899,
              38.0066481
            ],
            [
              127.3619474,
              38.0066118
            ],
            [
              127.3617138,
              38.0065365
            ],
            [
              127.3617315,
              38.0064975
            ],
            [
              127.3616041,
              38.0064947
            ],
            [
              127.3614626,
              38.006517
            ],
            [
              127.3613422,
              38.0065784
            ],
            [
              127.3612042,
              38.0066536
            ],
            [
              127.3611016,
              38.0066425
            ],
            [
              127.3611299,
              38.00657
            ],
            [
              127.3609918,
              38.0065031
            ],
            [
              127.360783,
              38.0064417
            ],
            [
              127.3605986,
              38.0063469
            ],
            [
              127.3605101,
              38.0062493
            ],
            [
              127.3603827,
              38.0061963
            ],
            [
              127.3602871,
              38.0062102
            ],
            [
              127.3598235,
              38.0063776
            ],
            [
              127.3595227,
              38.0064389
            ],
            [
              127.3594448,
              38.0063859
            ],
            [
              127.3592254,
              38.006319
            ],
            [
              127.3591192,
              38.0061796
            ],
            [
              127.3589635,
              38.0059732
            ],
            [
              127.3588396,
              38.0058031
            ],
            [
              127.3587263,
              38.005778
            ],
            [
              127.358652,
              38.0058728
            ],
            [
              127.3585246,
              38.0059872
            ],
            [
              127.3583583,
              38.006068
            ],
            [
              127.3581176,
              38.0060792
            ],
            [
              127.3577248,
              38.006121
            ],
            [
              127.357569,
              38.0059732
            ],
            [
              127.3571797,
              38.0058561
            ],
            [
              127.3569216,
              38.005891
            ],
            [
              127.3566192,
              38.0059242
            ],
            [
              127.3562863,
              38.006104
            ],
            [
              127.3560515,
              38.0060707
            ],
            [
              127.3557253,
              38.0060321
            ],
            [
              127.3550375,
              38.0059948
            ],
            [
              127.3547029,
              38.005887
            ],
            [
              127.3539865,
              38.0056327
            ],
            [
              127.3537905,
              38.0055075
            ],
            [
              127.3537538,
              38.0053898
            ],
            [
              127.3537467,
              38.0052309
            ],
            [
              127.3539272,
              38.0051082
            ],
            [
              127.3540086,
              38.0051249
            ],
            [
              127.3544014,
              38.0051249
            ],
            [
              127.3547943,
              38.0050496
            ],
            [
              127.3551836,
              38.0049827
            ],
            [
              127.3554703,
              38.0049102
            ],
            [
              127.3560578,
              38.0047289
            ],
            [
              127.3562383,
              38.0046453
            ],
            [
              127.3565674,
              38.0045281
            ],
            [
              127.35684,
              38.0044389
            ],
            [
              127.3573602,
              38.0042074
            ],
            [
              127.3577647,
              38.0039868
            ],
            [
              127.3580019,
              38.0039951
            ],
            [
              127.3582779,
              38.0040063
            ],
            [
              127.3584655,
              38.0040844
            ],
            [
              127.3589822,
              38.0041764
            ],
            [
              127.3594423,
              38.0041206
            ],
            [
              127.3599201,
              38.0040091
            ],
            [
              127.3604024,
              38.0039366
            ],
            [
              127.3605829,
              38.00397
            ],
            [
              127.3607492,
              38.0040621
            ],
            [
              127.3609262,
              38.0042099
            ],
            [
              127.3611739,
              38.0043967
            ],
            [
              127.3613296,
              38.0045055
            ],
            [
              127.3615314,
              38.0045557
            ],
            [
              127.3619844,
              38.0045166
            ],
            [
              127.3624445,
              38.0044748
            ],
            [
              127.3629648,
              38.0044553
            ],
            [
              127.3633541,
              38.0045138
            ],
            [
              127.3655767,
              38.0043716
            ],
            [
              127.36615,
              38.0042907
            ],
            [
              127.3663305,
              38.0046589
            ],
            [
              127.3664615,
              38.0049573
            ],
            [
              127.3666491,
              38.0055429
            ],
            [
              127.3667729,
              38.0059389
            ],
            [
              127.3666774,
              38.005964
            ],
            [
              127.3662704,
              38.0060951
            ],
            [
              127.3659518,
              38.0062512
            ],
            [
              127.3657607,
              38.006399
            ]
          ]
        ]
      },
      "id": "way/1320081340"
    },
    {
      "type": "Feature",
      "properties": {
        "@id": "way/1324892927",
        "landuse": "military",
        "name": "제85정비대대"
      },
      "geometry": {
        "type": "Polygon",
        "coordinates": [
          [
            [
              127.3068672,
              37.9401687
            ],
            [
              127.3057993,
              37.9395311
            ],
            [
              127.3055447,
              37.9394691
            ],
            [
              127.3052872,
              37.9393381
            ],
            [
              127.3051511,
              37.9392992
            ],
            [
              127.304964,
              37.9392335
            ],
            [
              127.3049148,
              37.9390898
            ],
            [
              127.3048279,
              37.9389403
            ],
            [
              127.3046469,
              37.9386682
            ],
            [
              127.3044571,
              37.9384645
            ],
            [
              127.3041599,
              37.9380096
            ],
            [
              127.3042537,
              37.9379446
            ],
            [
              127.3045845,
              37.9378426
            ],
            [
              127.30461,
              37.9373457
            ],
            [
              127.3056339,
              37.9369814
            ],
            [
              127.3055261,
              37.9367484
            ],
            [
              127.3063176,
              37.9365387
            ],
            [
              127.3070846,
              37.9364046
            ],
            [
              127.3073141,
              37.9364323
            ],
            [
              127.3077508,
              37.9363673
            ],
            [
              127.30749,
              37.9379226
            ],
            [
              127.3076367,
              37.9381123
            ],
            [
              127.3076982,
              37.9384467
            ],
            [
              127.3075728,
              37.9384731
            ],
            [
              127.3075754,
              37.9389688
            ],
            [
              127.3077542,
              37.9399709
            ],
            [
              127.3068672,
              37.9401687
            ]
          ]
        ]
      },
      "id": "way/1324892927"
    },
    {
      "type": "Feature",
      "properties": {
        "@id": "way/1324902344",
        "landuse": "military"
      },
      "geometry": {
        "type": "Polygon",
        "coordinates": [
          [
            [
              127.2628623,
              37.9443117
            ],
            [
              127.2635758,
              37.9445571
            ],
            [
              127.2634524,
              37.945382
            ],
            [
              127.2633988,
              37.9458431
            ],
            [
              127.2636563,
              37.9465623
            ],
            [
              127.2636831,
              37.9471757
            ],
            [
              127.2634792,
              37.9476029
            ],
            [
              127.2632056,
              37.9478779
            ],
            [
              127.2628677,
              37.9480682
            ],
            [
              127.2627872,
              37.9485759
            ],
            [
              127.2629267,
              37.948872
            ],
            [
              127.2633398,
              37.9490581
            ],
            [
              127.2642732,
              37.9490158
            ],
            [
              127.2649705,
              37.9491258
            ],
            [
              127.2647881,
              37.9496546
            ],
            [
              127.2644126,
              37.9495869
            ],
            [
              127.2638226,
              37.9496038
            ],
            [
              127.2633022,
              37.949938
            ],
            [
              127.2627604,
              37.9500733
            ],
            [
              127.2625619,
              37.9502002
            ],
            [
              127.2619182,
              37.9494896
            ],
            [
              127.2615159,
              37.9486097
            ],
            [
              127.2615588,
              37.947916
            ],
            [
              127.2615588,
              37.9477129
            ],
            [
              127.261768,
              37.9475606
            ],
            [
              127.2621059,
              37.9468203
            ],
            [
              127.2624117,
              37.9459489
            ],
            [
              127.2627711,
              37.9444513
            ],
            [
              127.2628623,
              37.9443117
            ]
          ]
        ]
      },
      "id": "way/1324902344"
    },
    {
      "type": "Feature",
      "properties": {
        "@id": "way/1329294068",
        "landuse": "military",
        "military": "training_area",
        "name": "제6보병사단 신병교육대 영점사격훈련장"
      },
      "geometry": {
        "type": "Polygon",
        "coordinates": [
          [
            [
              127.2154879,
              38.1416733
            ],
            [
              127.2149963,
              38.1414166
            ],
            [
              127.21526,
              38.1410942
            ],
            [
              127.2155577,
              38.1406868
            ],
            [
              127.2158968,
              38.1406694
            ],
            [
              127.2159799,
              38.1405068
            ],
            [
              127.2162284,
              38.1401866
            ],
            [
              127.2164589,
              38.1398718
            ],
            [
              127.2164964,
              38.1393486
            ],
            [
              127.216373,
              38.1391714
            ],
            [
              127.2165608,
              38.1390068
            ],
            [
              127.2168183,
              38.1388465
            ],
            [
              127.2169041,
              38.1386482
            ],
            [
              127.2181755,
              38.138087
            ],
            [
              127.2189104,
              38.138028
            ],
            [
              127.2193825,
              38.1385174
            ],
            [
              127.2193395,
              38.1387242
            ],
            [
              127.2193127,
              38.1388254
            ],
            [
              127.2189962,
              38.1388634
            ],
            [
              127.2184812,
              38.1392642
            ],
            [
              127.2182345,
              38.1396608
            ],
            [
              127.2179716,
              38.1398844
            ],
            [
              127.2172742,
              38.140454
            ],
            [
              127.216019,
              38.1412978
            ],
            [
              127.2154879,
              38.1416733
            ]
          ]
        ]
      },
      "id": "way/1329294068"
    },
    {
      "type": "Feature",
      "properties": {
        "@id": "way/1329294075",
        "landuse": "military",
        "military": "range",
        "name": "제6보병사단 신병교육대대 사격장"
      },
      "geometry": {
        "type": "Polygon",
        "coordinates": [
          [
            [
              127.2134833,
              38.1366009
            ],
            [
              127.2133054,
              38.1361345
            ],
            [
              127.2146768,
              38.1358079
            ],
            [
              127.2152254,
              38.1355251
            ],
            [
              127.2153477,
              38.1354756
            ],
            [
              127.2155997,
              38.1359071
            ],
            [
              127.2149696,
              38.136149
            ],
            [
              127.2144433,
              38.1364027
            ],
            [
              127.2138465,
              38.1365893
            ],
            [
              127.2134833,
              38.1366009
            ]
          ]
        ]
      },
      "id": "way/1329294075"
    },
    {
      "type": "Feature",
      "properties": {
        "@id": "way/1329295084",
        "landuse": "military"
      },
      "geometry": {
        "type": "Polygon",
        "coordinates": [
          [
            [
              127.373898,
              38.0972005
            ],
            [
              127.3736534,
              38.0971196
            ],
            [
              127.3732377,
              38.0967925
            ],
            [
              127.3733893,
              38.0966577
            ],
            [
              127.3735605,
              38.0961343
            ],
            [
              127.3738099,
              38.095684
            ],
            [
              127.3740398,
              38.0956378
            ],
            [
              127.3747294,
              38.0959149
            ],
            [
              127.3745485,
              38.0963075
            ],
            [
              127.3744017,
              38.0965192
            ],
            [
              127.3743088,
              38.0968386
            ],
            [
              127.3740545,
              38.0969965
            ],
            [
              127.373898,
              38.0972005
            ]
          ]
        ]
      },
      "id": "way/1329295084"
    },
    {
      "type": "Feature",
      "properties": {
        "@id": "way/1329295085",
        "landuse": "military",
        "name": "제23보병여단 2대대"
      },
      "geometry": {
        "type": "Polygon",
        "coordinates": [
          [
            [
              127.377615,
              38.0964191
            ],
            [
              127.3774536,
              38.0963652
            ],
            [
              127.3772384,
              38.0964114
            ],
            [
              127.3770037,
              38.0962575
            ],
            [
              127.3766222,
              38.0963152
            ],
            [
              127.3764852,
              38.0964153
            ],
            [
              127.3763092,
              38.0964576
            ],
            [
              127.37605,
              38.0964461
            ],
            [
              127.3758152,
              38.0966385
            ],
            [
              127.3756147,
              38.0966462
            ],
            [
              127.3753457,
              38.0966693
            ],
            [
              127.3750033,
              38.0965269
            ],
            [
              127.3749886,
              38.0960766
            ],
            [
              127.3752723,
              38.0957378
            ],
            [
              127.3754826,
              38.0954877
            ],
            [
              127.3751745,
              38.0954415
            ],
            [
              127.374749,
              38.0954145
            ],
            [
              127.3746512,
              38.0953375
            ],
            [
              127.3748762,
              38.0950758
            ],
            [
              127.3749348,
              38.0950758
            ],
            [
              127.3749446,
              38.094995
            ],
            [
              127.3752087,
              38.0949103
            ],
            [
              127.3751989,
              38.0948295
            ],
            [
              127.375375,
              38.0947486
            ],
            [
              127.3755658,
              38.0945639
            ],
            [
              127.3757907,
              38.0945677
            ],
            [
              127.3758445,
              38.0944946
            ],
            [
              127.3758201,
              38.0943098
            ],
            [
              127.37605,
              38.0941058
            ],
            [
              127.3760451,
              38.0939557
            ],
            [
              127.3759424,
              38.0938556
            ],
            [
              127.3763092,
              38.0932513
            ],
            [
              127.376632,
              38.0933283
            ],
            [
              127.376857,
              38.0931089
            ],
            [
              127.3770135,
              38.0929049
            ],
            [
              127.3769108,
              38.0927009
            ],
            [
              127.3767396,
              38.0925238
            ],
            [
              127.3764901,
              38.0922198
            ],
            [
              127.3766907,
              38.0920388
            ],
            [
              127.3767836,
              38.0919927
            ],
            [
              127.3773069,
              38.0921505
            ],
            [
              127.3773901,
              38.0922467
            ],
            [
              127.3778009,
              38.092112
            ],
            [
              127.378153,
              38.092189
            ],
            [
              127.3782606,
              38.0923968
            ],
            [
              127.3785883,
              38.0923006
            ],
            [
              127.3817429,
              38.0919426
            ],
            [
              127.3821212,
              38.0920704
            ],
            [
              127.382437,
              38.0918856
            ],
            [
              127.3828594,
              38.0918849
            ],
            [
              127.3831873,
              38.091898
            ],
            [
              127.3825762,
              38.0927417
            ],
            [
              127.3830032,
              38.0933611
            ],
            [
              127.3831521,
              38.0937213
            ],
            [
              127.3830672,
              38.0944904
            ],
            [
              127.3825935,
              38.0950922
            ],
            [
              127.3823345,
              38.0957369
            ],
            [
              127.3823708,
              38.0960541
            ],
            [
              127.3826994,
              38.0964733
            ],
            [
              127.3822926,
              38.0965233
            ],
            [
              127.381916,
              38.0970516
            ],
            [
              127.3819373,
              38.0972804
            ],
            [
              127.3811603,
              38.0974008
            ],
            [
              127.3809083,
              38.097231
            ],
            [
              127.380911,
              38.0972167
            ],
            [
              127.3810129,
              38.0966804
            ],
            [
              127.3811888,
              38.0964951
            ],
            [
              127.381046,
              38.0959693
            ],
            [
              127.3809181,
              38.0959928
            ],
            [
              127.3804154,
              38.0964863
            ],
            [
              127.3802462,
              38.0967123
            ],
            [
              127.3802521,
              38.0968052
            ],
            [
              127.380127,
              38.0969579
            ],
            [
              127.3800471,
              38.0969821
            ],
            [
              127.3796224,
              38.0972524
            ],
            [
              127.3794004,
              38.097585
            ],
            [
              127.3792488,
              38.0978951
            ],
            [
              127.3786294,
              38.097689
            ],
            [
              127.3779606,
              38.0975291
            ],
            [
              127.3778828,
              38.0970865
            ],
            [
              127.3780171,
              38.0969548
            ],
            [
              127.3782269,
              38.0968865
            ],
            [
              127.3781288,
              38.0968103
            ],
            [
              127.3779621,
              38.0967523
            ],
            [
              127.3779681,
              38.0964957
            ],
            [
              127.3780299,
              38.0962294
            ],
            [
              127.3778438,
              38.0962176
            ],
            [
              127.377615,
              38.0964191
            ]
          ]
        ]
      },
      "id": "way/1329295085"
    },
    {
      "type": "Feature",
      "properties": {
        "@id": "way/1329296018",
        "landuse": "military",
        "name": "제6보병사단 정비대대"
      },
      "geometry": {
        "type": "Polygon",
        "coordinates": [
          [
            [
              127.2318807,
              38.1412082
            ],
            [
              127.231641,
              38.1409928
            ],
            [
              127.2314405,
              38.1409197
            ],
            [
              127.2314796,
              38.1403927
            ],
            [
              127.2319051,
              38.1397272
            ],
            [
              127.2321741,
              38.1394156
            ],
            [
              127.2325752,
              38.1386001
            ],
            [
              127.2330056,
              38.1382693
            ],
            [
              127.2333577,
              38.1381578
            ],
            [
              127.2342185,
              38.1381193
            ],
            [
              127.2344728,
              38.1380539
            ],
            [
              127.2345804,
              38.1380654
            ],
            [
              127.234913,
              38.138327
            ],
            [
              127.234957,
              38.1384501
            ],
            [
              127.2349619,
              38.138504
            ],
            [
              127.2348396,
              38.1386078
            ],
            [
              127.2343799,
              38.1393579
            ],
            [
              127.2343016,
              38.1394849
            ],
            [
              127.2341256,
              38.1398388
            ],
            [
              127.234062,
              38.1400234
            ],
            [
              127.2338859,
              38.1405043
            ],
            [
              127.2333088,
              38.1409582
            ],
            [
              127.2328295,
              38.1412697
            ],
            [
              127.2318807,
              38.1412082
            ]
          ]
        ]
      },
      "id": "way/1329296018"
    },
    {
      "type": "Feature",
      "properties": {
        "@id": "way/1338746406",
        "landuse": "military"
      },
      "geometry": {
        "type": "Polygon",
        "coordinates": [
          [
            [
              127.3480546,
              37.9951904
            ],
            [
              127.3477757,
              37.9947169
            ],
            [
              127.3476309,
              37.9946492
            ],
            [
              127.3467243,
              37.9947718
            ],
            [
              127.3459357,
              37.9947592
            ],
            [
              127.3440206,
              37.9949959
            ],
            [
              127.3436665,
              37.9940912
            ],
            [
              127.345823,
              37.9940828
            ],
            [
              127.3461181,
              37.9936938
            ],
            [
              127.3464024,
              37.9928737
            ],
            [
              127.3467672,
              37.9924847
            ],
            [
              127.3470139,
              37.9924128
            ],
            [
              127.3472339,
              37.9925946
            ],
            [
              127.3475128,
              37.9931442
            ],
            [
              127.3481405,
              37.9934444
            ],
            [
              127.3484302,
              37.9936515
            ],
            [
              127.3492724,
              37.9938333
            ],
            [
              127.3492187,
              37.994924
            ],
            [
              127.3487091,
              37.9951396
            ],
            [
              127.3480546,
              37.9951904
            ]
          ]
        ]
      },
      "id": "way/1338746406"
    },
    {
      "type": "Feature",
      "properties": {
        "@id": "way/1350601589",
        "aeroway": "aerodrome",
        "iata": "QJP",
        "icao": "RKRO",
        "landuse": "military",
        "military": "airfield",
        "name": "포천공항(제15항공단)"
      },
      "geometry": {
        "type": "Polygon",
        "coordinates": [
          [
            [
              127.1711543,
              37.8604866
            ],
            [
              127.1712359,
              37.8604573
            ],
            [
              127.1712285,
              37.8601881
            ],
            [
              127.170969,
              37.8599247
            ],
            [
              127.171184,
              37.8596848
            ],
            [
              127.1710283,
              37.8595443
            ],
            [
              127.1714805,
              37.8591873
            ],
            [
              127.1723034,
              37.858801
            ],
            [
              127.1724294,
              37.8589649
            ],
            [
              127.1724517,
              37.8592692
            ],
            [
              127.1725851,
              37.8596614
            ],
            [
              127.1726592,
              37.859714
            ],
            [
              127.1735266,
              37.8604924
            ],
            [
              127.1737193,
              37.8608085
            ],
            [
              127.1738231,
              37.8607383
            ],
            [
              127.173956,
              37.8609132
            ],
            [
              127.1740328,
              37.860897
            ],
            [
              127.1749138,
              37.8616533
            ],
            [
              127.1763275,
              37.8624014
            ],
            [
              127.1769115,
              37.8626076
            ],
            [
              127.1779308,
              37.8628422
            ],
            [
              127.1783252,
              37.8628745
            ],
            [
              127.1783354,
              37.862919
            ],
            [
              127.1784532,
              37.8628826
            ],
            [
              127.1789399,
              37.8633476
            ],
            [
              127.1811731,
              37.8658079
            ],
            [
              127.1814036,
              37.8660627
            ],
            [
              127.1815726,
              37.8661476
            ],
            [
              127.1817007,
              37.8660667
            ],
            [
              127.1819093,
              37.8662254
            ],
            [
              127.1819201,
              37.8667293
            ],
            [
              127.182081,
              37.8668182
            ],
            [
              127.1827569,
              37.8668182
            ],
            [
              127.1828374,
              37.866886
            ],
            [
              127.1826496,
              37.8683174
            ],
            [
              127.1826765,
              37.8685334
            ],
            [
              127.181963,
              37.8686011
            ],
            [
              127.1819791,
              37.8690246
            ],
            [
              127.1822795,
              37.8691813
            ],
            [
              127.182258,
              37.8692617
            ],
            [
              127.1819898,
              37.869393
            ],
            [
              127.1819201,
              37.8695285
            ],
            [
              127.1821776,
              37.8697868
            ],
            [
              127.1810296,
              37.8704263
            ],
            [
              127.1809545,
              37.8705364
            ],
            [
              127.1808794,
              37.8705576
            ],
            [
              127.1784332,
              37.8695031
            ],
            [
              127.176958,
              37.868004
            ],
            [
              127.1764537,
              37.8677287
            ],
            [
              127.1753808,
              37.866111
            ],
            [
              127.1760729,
              37.8660729
            ],
            [
              127.1759656,
              37.8659035
            ],
            [
              127.1755203,
              37.8659247
            ],
            [
              127.175413,
              37.8658273
            ],
            [
              127.1753111,
              37.8658612
            ],
            [
              127.1751555,
              37.8657172
            ],
            [
              127.1752628,
              37.8656452
            ],
            [
              127.1746567,
              37.8650311
            ],
            [
              127.1737179,
              37.8637987
            ],
            [
              127.1743938,
              37.8633456
            ],
            [
              127.1731117,
              37.8625451
            ],
            [
              127.1731439,
              37.8623884
            ],
            [
              127.1729669,
              37.8622402
            ],
            [
              127.1732565,
              37.8621343
            ],
            [
              127.1719476,
              37.8612619
            ],
            [
              127.1720388,
              37.8610967
            ],
            [
              127.171497,
              37.8609146
            ],
            [
              127.1711543,
              37.8604866
            ]
          ]
        ]
      },
      "id": "way/1350601589"
    },
    {
      "type": "Feature",
      "properties": {
        "@id": "way/1358311425",
        "landuse": "military",
        "name": "제15방공단, 제22전차대대"
      },
      "geometry": {
        "type": "Polygon",
        "coordinates": [
          [
            [
              127.3557102,
              37.9916784
            ],
            [
              127.3558497,
              37.9915719
            ],
            [
              127.355842,
              37.9914124
            ],
            [
              127.3557498,
              37.9912853
            ],
            [
              127.3556499,
              37.9910472
            ],
            [
              127.355714,
              37.9908008
            ],
            [
              127.3559342,
              37.9906898
            ],
            [
              127.3568127,
              37.9899491
            ],
            [
              127.3572865,
              37.9891572
            ],
            [
              127.3572993,
              37.989018
            ],
            [
              127.3572481,
              37.9889736
            ],
            [
              127.3571277,
              37.9890422
            ],
            [
              127.3569074,
              37.9889251
            ],
            [
              127.3569715,
              37.9887253
            ],
            [
              127.3571175,
              37.9885154
            ],
            [
              127.3570022,
              37.9884407
            ],
            [
              127.3565079,
              37.9881177
            ],
            [
              127.3561494,
              37.9879219
            ],
            [
              127.3560034,
              37.9878452
            ],
            [
              127.355924,
              37.9878674
            ],
            [
              127.355673,
              37.9879381
            ],
            [
              127.355568,
              37.9879139
            ],
            [
              127.3554835,
              37.9877746
            ],
            [
              127.3553196,
              37.9872679
            ],
            [
              127.3551096,
              37.9868541
            ],
            [
              127.3553682,
              37.9865534
            ],
            [
              127.3551813,
              37.9863576
            ],
            [
              127.3552069,
              37.986297
            ],
            [
              127.3554835,
              37.9861093
            ],
            [
              127.3556917,
              37.985859
            ],
            [
              127.3560041,
              37.9855259
            ],
            [
              127.3567129,
              37.9850795
            ],
            [
              127.3575827,
              37.9844587
            ],
            [
              127.3578081,
              37.9845172
            ],
            [
              127.3579028,
              37.9846646
            ],
            [
              127.3583126,
              37.9848644
            ],
            [
              127.3589222,
              37.9843073
            ],
            [
              127.3587736,
              37.9840267
            ],
            [
              127.3591834,
              37.9838934
            ],
            [
              127.3595829,
              37.9838329
            ],
            [
              127.3598467,
              37.9838026
            ],
            [
              127.3602616,
              37.9841438
            ],
            [
              127.3602847,
              37.9842184
            ],
            [
              127.3605484,
              37.9844324
            ],
            [
              127.3603205,
              37.9846605
            ],
            [
              127.3598903,
              37.9849521
            ],
            [
              127.3598339,
              37.9849965
            ],
            [
              127.3598109,
              37.9851661
            ],
            [
              127.3597622,
              37.9857979
            ],
            [
              127.3596751,
              37.9860199
            ],
            [
              127.3596828,
              37.9863046
            ],
            [
              127.3595804,
              37.986682
            ],
            [
              127.3595138,
              37.9867567
            ],
            [
              127.3595189,
              37.9868496
            ],
            [
              127.3595804,
              37.9869121
            ],
            [
              127.3595804,
              37.9870211
            ],
            [
              127.3596572,
              37.9871019
            ],
            [
              127.3595829,
              37.9873481
            ],
            [
              127.3594497,
              37.9874793
            ],
            [
              127.3590383,
              37.9876065
            ],
            [
              127.3587924,
              37.9874188
            ],
            [
              127.358608,
              37.9874854
            ],
            [
              127.3583517,
              37.9879168
            ],
            [
              127.3584278,
              37.9881609
            ],
            [
              127.3584171,
              37.9883515
            ],
            [
              127.3585127,
              37.9884296
            ],
            [
              127.3586667,
              37.9885886
            ],
            [
              127.3588825,
              37.9887252
            ],
            [
              127.3586808,
              37.9888717
            ],
            [
              127.3585853,
              37.9889791
            ],
            [
              127.3581959,
              37.9893528
            ],
            [
              127.3578314,
              37.9896485
            ],
            [
              127.357934,
              37.9898186
            ],
            [
              127.3581092,
              37.9899832
            ],
            [
              127.358249,
              37.990251
            ],
            [
              127.3582101,
              37.9902775
            ],
            [
              127.3580738,
              37.9904379
            ],
            [
              127.3578484,
              37.9906799
            ],
            [
              127.35766,
              37.990909
            ],
            [
              127.3576117,
              37.9909394
            ],
            [
              127.35637,
              37.9917602
            ],
            [
              127.3560586,
              37.9916813
            ],
            [
              127.3558881,
              37.9918157
            ],
            [
              127.3557102,
              37.9916784
            ]
          ]
        ]
      },
      "id": "way/1358311425"
    },
    {
      "type": "Feature",
      "properties": {
        "@id": "way/1358311435",
        "landuse": "military"
      },
      "geometry": {
        "type": "Polygon",
        "coordinates": [
          [
            [
              127.3567289,
              37.9846072
            ],
            [
              127.3563545,
              37.9847796
            ],
            [
              127.3560691,
              37.9846248
            ],
            [
              127.3560395,
              37.9840083
            ],
            [
              127.3571552,
              37.9828836
            ],
            [
              127.3575888,
              37.9826849
            ],
            [
              127.3577074,
              37.9827667
            ],
            [
              127.3577,
              37.9831436
            ],
            [
              127.3579484,
              37.9833714
            ],
            [
              127.3567289,
              37.9846072
            ]
          ]
        ]
      },
      "id": "way/1358311435"
    },
    {
      "type": "Feature",
      "properties": {
        "@id": "way/1362276549",
        "landuse": "military",
        "military": "range",
        "name": "제1기갑여단 사격장"
      },
      "geometry": {
        "type": "Polygon",
        "coordinates": [
          [
            [
              127.2523837,
              38.0850227
            ],
            [
              127.2496079,
              38.0849756
            ],
            [
              127.2489514,
              38.0849644
            ],
            [
              127.2490774,
              38.0828872
            ],
            [
              127.2497595,
              38.082928
            ],
            [
              127.249752,
              38.0834415
            ],
            [
              127.2506194,
              38.0835115
            ],
            [
              127.2506342,
              38.0840191
            ],
            [
              127.252443,
              38.0840016
            ],
            [
              127.2523837,
              38.0850227
            ]
          ]
        ]
      },
      "id": "way/1362276549"
    },
    {
      "type": "Feature",
      "properties": {
        "@id": "way/1362798715",
        "landuse": "military"
      },
      "geometry": {
        "type": "Polygon",
        "coordinates": [
          [
            [
              127.3035389,
              38.0759503
            ],
            [
              127.303128,
              38.0759041
            ],
            [
              127.30304,
              38.0757385
            ],
            [
              127.302952,
              38.0755383
            ],
            [
              127.3024873,
              38.0754305
            ],
            [
              127.3021645,
              38.0752727
            ],
            [
              127.3020374,
              38.075161
            ],
            [
              127.3018809,
              38.0749685
            ],
            [
              127.3016119,
              38.074853
            ],
            [
              127.3012989,
              38.074803
            ],
            [
              127.3012646,
              38.0747683
            ],
            [
              127.3009956,
              38.0746798
            ],
            [
              127.3006924,
              38.0747337
            ],
            [
              127.300531,
              38.0747375
            ],
            [
              127.30035,
              38.0744757
            ],
            [
              127.3001984,
              38.0741793
            ],
            [
              127.3001631,
              38.074051
            ],
            [
              127.3001647,
              38.0740256
            ],
            [
              127.3002228,
              38.0740091
            ],
            [
              127.3002034,
              38.0739354
            ],
            [
              127.3002302,
              38.073871
            ],
            [
              127.3005005,
              38.0736103
            ],
            [
              127.3003654,
              38.0735411
            ],
            [
              127.2998551,
              38.0729026
            ],
            [
              127.2998465,
              38.0728593
            ],
            [
              127.3004093,
              38.0726865
            ],
            [
              127.3010724,
              38.0722012
            ],
            [
              127.3012429,
              38.0719917
            ],
            [
              127.3013456,
              38.0719071
            ],
            [
              127.3017776,
              38.0717913
            ],
            [
              127.3018359,
              38.0717398
            ],
            [
              127.3019457,
              38.0715707
            ],
            [
              127.3019994,
              38.071556
            ],
            [
              127.3024921,
              38.0716112
            ],
            [
              127.3025855,
              38.0716369
            ],
            [
              127.3027373,
              38.0714917
            ],
            [
              127.302889,
              38.0715523
            ],
            [
              127.3035358,
              38.0715487
            ],
            [
              127.3040942,
              38.0716112
            ],
            [
              127.3044562,
              38.0719145
            ],
            [
              127.3047025,
              38.0721213
            ],
            [
              127.3048106,
              38.0724406
            ],
            [
              127.3049998,
              38.0726507
            ],
            [
              127.3050201,
              38.0727093
            ],
            [
              127.3048917,
              38.0728077
            ],
            [
              127.304814,
              38.0730338
            ],
            [
              127.3042665,
              38.0735153
            ],
            [
              127.3042057,
              38.0736217
            ],
            [
              127.3041956,
              38.0740793
            ],
            [
              127.3040874,
              38.0741591
            ],
            [
              127.3041618,
              38.0747896
            ],
            [
              127.3041212,
              38.0749439
            ],
            [
              127.3039759,
              38.0750131
            ],
            [
              127.303763,
              38.0750689
            ],
            [
              127.3036751,
              38.0750902
            ],
            [
              127.3035467,
              38.075303
            ],
            [
              127.303567,
              38.0756622
            ],
            [
              127.3035389,
              38.0759503
            ]
          ]
        ]
      },
      "id": "way/1362798715"
    },
    {
      "type": "Feature",
      "properties": {
        "@id": "way/1376396249",
        "landuse": "military",
        "name": "제606수송대대"
      },
      "geometry": {
        "type": "Polygon",
        "coordinates": [
          [
            [
              127.1256679,
              37.8466772
            ],
            [
              127.1257146,
              37.8467804
            ],
            [
              127.1255792,
              37.8469759
            ],
            [
              127.1255511,
              37.8470865
            ],
            [
              127.1255885,
              37.8471529
            ],
            [
              127.1255932,
              37.8474774
            ],
            [
              127.1250701,
              37.8483292
            ],
            [
              127.1249907,
              37.8484915
            ],
            [
              127.1248693,
              37.8486537
            ],
            [
              127.1243976,
              37.848639
            ],
            [
              127.1241875,
              37.8486648
            ],
            [
              127.1236504,
              37.8486537
            ],
            [
              127.1232862,
              37.8487201
            ],
            [
              127.1217217,
              37.8484694
            ],
            [
              127.1214369,
              37.8484362
            ],
            [
              127.1214836,
              37.8482112
            ],
            [
              127.1217124,
              37.8477945
            ],
            [
              127.1218058,
              37.8475917
            ],
            [
              127.1217591,
              37.8473963
            ],
            [
              127.1214929,
              37.8470423
            ],
            [
              127.1214602,
              37.8469095
            ],
            [
              127.1221234,
              37.8468394
            ],
            [
              127.1223102,
              37.8467804
            ],
            [
              127.1224316,
              37.8466882
            ],
            [
              127.1225623,
              37.8463785
            ],
            [
              127.1229406,
              37.8458769
            ],
            [
              127.1230428,
              37.8458004
            ],
            [
              127.1230976,
              37.8452576
            ],
            [
              127.1230396,
              37.8450462
            ],
            [
              127.1241044,
              37.8451226
            ],
            [
              127.1243367,
              37.845171
            ],
            [
              127.1242948,
              37.8452092
            ],
            [
              127.125137,
              37.8452525
            ],
            [
              127.1260082,
              37.8457622
            ],
            [
              127.1260695,
              37.8458361
            ],
            [
              127.1260469,
              37.8463176
            ],
            [
              127.125821,
              37.8463915
            ],
            [
              127.125692,
              37.8463941
            ],
            [
              127.12555,
              37.8464196
            ],
            [
              127.1256679,
              37.8466772
            ]
          ]
        ]
      },
      "id": "way/1376396249"
    },
    {
      "type": "Feature",
      "properties": {
        "@id": "way/1409224200",
        "landuse": "military",
        "name": "제95정비대대"
      },
      "geometry": {
        "type": "Polygon",
        "coordinates": [
          [
            [
              127.3204216,
              37.9880015
            ],
            [
              127.3210409,
              37.9869443
            ],
            [
              127.3212179,
              37.9867323
            ],
            [
              127.3214161,
              37.9866487
            ],
            [
              127.3217735,
              37.9868969
            ],
            [
              127.3216037,
              37.9871619
            ],
            [
              127.3225345,
              37.9878063
            ],
            [
              127.3222324,
              37.9882562
            ],
            [
              127.3222202,
              37.9883333
            ],
            [
              127.3225528,
              37.9885396
            ],
            [
              127.3225992,
              37.988582
            ],
            [
              127.3226506,
              37.9886648
            ],
            [
              127.3220857,
              37.9888903
            ],
            [
              127.3217873,
              37.9890811
            ],
            [
              127.3217531,
              37.9891235
            ],
            [
              127.3217531,
              37.9891794
            ],
            [
              127.3216577,
              37.989191
            ],
            [
              127.3215844,
              37.9891717
            ],
            [
              127.3215599,
              37.9891447
            ],
            [
              127.3204717,
              37.9886378
            ],
            [
              127.3203005,
              37.9885376
            ],
            [
              127.3201489,
              37.9884702
            ],
            [
              127.3204216,
              37.9880015
            ]
          ]
        ]
      },
      "id": "way/1409224200"
    },
    {
      "type": "Feature",
      "properties": {
        "@id": "way/1415104288",
        "landuse": "military",
        "military": "range"
      },
      "geometry": {
        "type": "Polygon",
        "coordinates": [
          [
            [
              127.1426884,
              38.0387685
            ],
            [
              127.1427109,
              38.0380686
            ],
            [
              127.1429595,
              38.0380735
            ],
            [
              127.1429371,
              38.0387735
            ],
            [
              127.1426884,
              38.0387685
            ]
          ]
        ]
      },
      "id": "way/1415104288"
    },
    {
      "type": "Feature",
      "properties": {
        "@id": "way/1415104294",
        "landuse": "military",
        "military": "range",
        "name": "영점사격장"
      },
      "geometry": {
        "type": "Polygon",
        "coordinates": [
          [
            [
              127.1423344,
              38.0305286
            ],
            [
              127.1423254,
              38.0302564
            ],
            [
              127.1429156,
              38.0302443
            ],
            [
              127.1429245,
              38.0305166
            ],
            [
              127.1423344,
              38.0305286
            ]
          ]
        ]
      },
      "id": "way/1415104294"
    },
    {
      "type": "Feature",
      "properties": {
        "@id": "way/1415104298",
        "landuse": "military",
        "military": "range",
        "name": "실거리사격장"
      },
      "geometry": {
        "type": "Polygon",
        "coordinates": [
          [
            [
              127.1427534,
              38.0297913
            ],
            [
              127.1427515,
              38.0293581
            ],
            [
              127.1434741,
              38.0293593
            ],
            [
              127.1451388,
              38.0294931
            ],
            [
              127.145116,
              38.0298027
            ],
            [
              127.1427534,
              38.0297913
            ]
          ]
        ]
      },
      "id": "way/1415104298"
    },
    {
      "type": "Feature",
      "properties": {
        "@id": "way/1415104316",
        "landuse": "military",
        "military": "range",
        "name": "전투샤격장"
      },
      "geometry": {
        "type": "Polygon",
        "coordinates": [
          [
            [
              127.1427469,
              38.0279241
            ],
            [
              127.1453277,
              38.0281172
            ],
            [
              127.1451655,
              38.0294627
            ],
            [
              127.1425847,
              38.0292698
            ],
            [
              127.1427469,
              38.0279241
            ]
          ]
        ]
      },
      "id": "way/1415104316"
    },
    {
      "type": "Feature",
      "properties": {
        "@id": "way/1415133089",
        "landuse": "military",
        "name": "훈련부대 지원막사"
      },
      "geometry": {
        "type": "Polygon",
        "coordinates": [
          [
            [
              127.1262538,
              38.0502911
            ],
            [
              127.1258848,
              38.0500399
            ],
            [
              127.1263352,
              38.0496295
            ],
            [
              127.1267042,
              38.0498807
            ],
            [
              127.1262538,
              38.0502911
            ]
          ]
        ]
      },
      "id": "way/1415133089"
    },
    {
      "type": "Feature",
      "properties": {
        "@id": "way/1415133127",
        "landuse": "military",
        "military": "range",
        "name": "박격포 사격장"
      },
      "geometry": {
        "type": "Polygon",
        "coordinates": [
          [
            [
              127.1516136,
              38.0494544
            ],
            [
              127.1510072,
              38.0492748
            ],
            [
              127.1507446,
              38.0491699
            ],
            [
              127.150794,
              38.0490906
            ],
            [
              127.1508222,
              38.0490628
            ],
            [
              127.1508998,
              38.0490395
            ],
            [
              127.1509793,
              38.0490371
            ],
            [
              127.1510634,
              38.0490489
            ],
            [
              127.1515559,
              38.0492021
            ],
            [
              127.1516022,
              38.0492249
            ],
            [
              127.1516118,
              38.0492558
            ],
            [
              127.1516004,
              38.0493292
            ],
            [
              127.1515919,
              38.049394
            ],
            [
              127.1516136,
              38.0494544
            ]
          ]
        ]
      },
      "id": "way/1415133127"
    },
    {
      "type": "Feature",
      "properties": {
        "@id": "way/1470189660",
        "landuse": "military",
        "military": "base",
        "military_service": "army"
      },
      "geometry": {
        "type": "Polygon",
        "coordinates": [
          [
            [
              127.3687798,
              38.0016309
            ],
            [
              127.3695136,
              38.0005734
            ],
            [
              127.3700926,
              38.0001711
            ],
            [
              127.3708331,
              37.999739
            ],
            [
              127.3712683,
              37.9994808
            ],
            [
              127.3717107,
              37.9993126
            ],
            [
              127.3722535,
              37.9985288
            ],
            [
              127.3727267,
              37.9976677
            ],
            [
              127.3731273,
              37.9977254
            ],
            [
              127.3728555,
              37.9984342
            ],
            [
              127.3728616,
              37.9984647
            ],
            [
              127.3731923,
              37.9986494
            ],
            [
              127.3732997,
              37.9987842
            ],
            [
              127.3734507,
              37.9988251
            ],
            [
              127.3739532,
              37.9988995
            ],
            [
              127.3740901,
              37.998972
            ],
            [
              127.3741351,
              37.9991661
            ],
            [
              127.3739133,
              37.9996001
            ],
            [
              127.3738204,
              38.0000031
            ],
            [
              127.3738919,
              38.0004314
            ],
            [
              127.3740349,
              38.0006344
            ],
            [
              127.3734341,
              38.0010881
            ],
            [
              127.3732517,
              38.001508
            ],
            [
              127.3732839,
              38.0016404
            ],
            [
              127.3730658,
              38.0017362
            ],
            [
              127.3729156,
              38.0020603
            ],
            [
              127.3728081,
              38.0022046
            ],
            [
              127.3727105,
              38.0022569
            ],
            [
              127.3724896,
              38.0022142
            ],
            [
              127.3722498,
              38.0023402
            ],
            [
              127.3720045,
              38.0024203
            ],
            [
              127.3718283,
              38.0025602
            ],
            [
              127.3715966,
              38.0025506
            ],
            [
              127.3710019,
              38.0023754
            ],
            [
              127.3708433,
              38.0023465
            ],
            [
              127.3709003,
              38.0024982
            ],
            [
              127.3709003,
              38.0026316
            ],
            [
              127.3708122,
              38.0028014
            ],
            [
              127.3703853,
              38.0027865
            ],
            [
              127.3701156,
              38.0028719
            ],
            [
              127.3699937,
              38.0029061
            ],
            [
              127.3696711,
              38.002826
            ],
            [
              127.3692375,
              38.0026637
            ],
            [
              127.3690261,
              38.0024693
            ],
            [
              127.3688228,
              38.0022664
            ],
            [
              127.3686073,
              38.0020411
            ],
            [
              127.3685992,
              38.0019119
            ],
            [
              127.36869,
              38.0017613
            ],
            [
              127.3685802,
              38.0017218
            ],
            [
              127.3686344,
              38.0016161
            ],
            [
              127.3687645,
              38.0016503
            ],
            [
              127.3687798,
              38.0016309
            ]
          ]
        ]
      },
      "id": "way/1470189660"
    },
    {
      "type": "Feature",
      "properties": {
        "@id": "node/13003993614",
        "landuse": "military",
        "military": "training_area",
        "name": "PRI 유격술 훈련장"
      },
      "geometry": {
        "type": "Point",
        "coordinates": [
          127.142579,
          38.0296743
        ]
      },
      "id": "node/13003993614"
    }
  ]
}